Country Name,Country Code,Indicator Name,Indicator Code,1960,1961,1962,1963,1964,1965,1966,1967,1968,1969,1970,1971,1972,1973,1974,1975,1976,1977,1978,1979,1980,1981,1982,1983,1984,1985,1986,1987,1988,1989,1990,1991,1992,1993,1994,1995,1996,1997,1998,1999,2000,2001,2002,2003,2004,2005,2006,2007,2008,2009,2010,2011,2012,2013,2014,2015,2016,2017,2018,2019,2020
Aruba,ABW,"GNI per capita, Atlas method (current US$)",NY.GNP.PCAP.CD,,,,,,,,,,,,,,,,,,,,,,,,,,,,,10360,11760,12230,13190,13990,14620,15640,16230,16370,17220,17620,17880,20000,19170,17890,20070,22630,19200,23340,21680,25510,23770,22380,22450,23520,24510,25350,26560,26840,27120,,,
Africa Eastern and Southern,AFE,"GNI per capita, Atlas method (current US$)",NY.GNP.PCAP.CD,,,,,,,,,,,,,,,,,,,,,,,,568.8890853,540.7056414,486.7877849,492.6539625,561.4683056,634.5035514,657.5589621,638.9663006,662.7312227,664.10546,679.3954659,691.5525941,736.4102089,747.4910208,750.4932695,693.2641944,672.0840018,666.8701465,639.798492,624.4886387,674.6233604,821.0649869,1027.768458,1156.459944,1267.682613,1353.583286,1368.658946,1436.909102,1563.676371,1669.134226,1697.844163,1677.094818,1579.434512,1475.405527,1441.531746,1494.710171,1535.776856,1406.289007
Afghanistan,AFG,"GNI per capita, Atlas method (current US$)",NY.GNP.PCAP.CD,,,,,,,,,,,,,,,,,,,,,,,,,,,,,,,,,,,,,,,,,,,,,,,,,,450,510,530,630,650,630,590,550,530,510,520,500
Africa Western and Central,AFW,"GNI per capita, Atlas method (current US$)",NY.GNP.PCAP.CD,,,113.6827747,122.1515627,128.2104268,133.1548588,136.0760733,128.7928326,130.4172197,143.0337523,170.4647299,179.0027356,192.9073473,216.2948094,300.8374128,358.2145986,422.6386569,455.2310223,478.736283,558.9149508,646.0210276,762.9467899,876.4738665,925.1852684,757.9089771,685.7663048,623.0209245,614.8552077,630.1426696,563.5661029,556.0650019,541.6150776,552.7062132,471.9322084,416.3005397,407.9330655,427.1004089,465.5820776,463.5781331,465.941051,456.0751822,480.2458283,525.0268915,587.682867,714.611721,844.7126323,1032.373202,1199.465861,1446.554278,1518.444238,1575.796473,1605.67305,1774.034998,1931.807956,2061.522937,2005.476912,1782.15399,1611.489483,1611.86562,1669.153323,1654.42566
Angola,AGO,"GNI per capita, Atlas method (current US$)",NY.GNP.PCAP.CD,,,,,,,,,,,,,,,,,,,,,,,,,,590,680,670,650,860,780,1380,1170,,330,440,320,450,410,330,360,390,590,710,1010,1370,1810,2460,3030,3170,3230,3410,4170,4780,5010,4520,3770,3450,3210,2970,2140
Albania,ALB,"GNI per capita, Atlas method (current US$)",NY.GNP.PCAP.CD,,,,,,,,,,,,,,,,,,,,,,,,,,,700,730,730,760,650,410,280,320,380,640,890,800,860,950,1100,1280,1370,1650,2100,2620,3050,3460,4040,4280,4360,4410,4360,4540,4540,4390,4320,4290,4860,5230,5210
Andorra,AND,"GNI per capita, Atlas method (current US$)",NY.GNP.PCAP.CD,,,,,,,,,,,,,,,,,,,,,,,,,,,,,,,,,,,,,,,,,,,,,,,,,,,,,,,,,,,,,
Arab World,ARB,"GNI per capita, Atlas method (current US$)",NY.GNP.PCAP.CD,,,,,,,,,,,,,,,,,,,,,,,2937.615532,2565.668823,2523.795067,2488.724657,2656.407412,2733.452855,2775.722642,2640.842611,3004.2466,2192.530315,2236.744154,2139.62043,2131.654529,2184.601361,2314.726164,2423.569168,2438.872773,2455.149369,2614.494074,2726.045211,2689.050682,2869.313152,3328.059794,3790.781428,4374.378847,5021.808264,5882.161818,5999.434296,6275.787261,6229.713069,6954.338947,7359.842857,7381.678551,6880.226744,6415.155407,5940.74012,6171.011768,6419.081239,5932.74187
United Arab Emirates,ARE,"GNI per capita, Atlas method (current US$)",NY.GNP.PCAP.CD,,,,,,,,,,,,,,,,,,,,,,,,,,,,,,,,,,,,,,,,,31400,31970,30940,32780,36160,37500,39380,39590,39910,35000,33400,35030,39220,42840,44370,42870,40550,39280,41470,43830,39410
Argentina,ARG,"GNI per capita, Atlas method (current US$)",NY.GNP.PCAP.CD,,,,,1120,1230,1350,1240,1210,1300,1320,1470,1470,1820,2470,2720,2360,2220,2190,2630,2910,2820,2670,2870,2830,2700,3020,3590,3960,2930,3190,3860,6070,7120,7620,7360,7740,8150,8030,7580,7470,7000,4040,3650,3370,4260,5480,6510,7670,7790,9270,10710,11870,12840,12330,12590,12220,13140,12430,11250,9070
Armenia,ARM,"GNI per capita, Atlas method (current US$)",NY.GNP.PCAP.CD,,,,,,,,,,,,,,,,,,,,,,,,,,,,,,,,,310,360,400,470,520,560,590,610,660,710,800,960,1180,1540,2020,2760,3600,3340,3470,3530,3880,4110,4140,4010,3760,3950,4240,4660,4220
American Samoa,ASM,"GNI per capita, Atlas method (current US$)",NY.GNP.PCAP.CD,,,,,,,,,,,,,,,,,,,,,,,,,,,,,,,,,,,,,,,,,,,,,,,,,,,,,,,,,,,,,
Antigua and Barbuda,ATG,"GNI per capita, Atlas method (current US$)",NY.GNP.PCAP.CD,,,,,,,,,,,,,,,,,,,,1740,2180,2430,2470,2690,3170,3610,3970,4880,6040,6450,6820,7230,7470,7960,8450,8140,8700,9080,9270,9610,10100,9850,9660,10530,11450,12420,13810,15090,15250,13600,12690,12370,12780,12620,12760,12850,13580,14320,15880,16420,13750
Australia,AUS,"GNI per capita, Atlas method (current US$)",NY.GNP.PCAP.CD,,,1870,1970,2110,2270,2350,2540,2730,2980,3270,3470,3890,4650,5950,7220,7870,8080,8470,9600,10830,11870,12080,11590,12030,12010,12300,12550,14120,15590,17330,18220,18540,18900,18860,19290,20480,21930,21780,21440,21130,20160,20030,21170,25570,30390,34150,37340,42360,44050,46690,50380,60260,66050,65180,60490,54090,51480,53070,54910,53690
Austria,AUT,"GNI per capita, Atlas method (current US$)",NY.GNP.PCAP.CD,,,1060,1140,1240,1340,1470,1560,1680,1850,2070,2320,2760,3580,4650,5540,5980,6660,7540,9620,11460,11180,10380,9600,9270,9360,10820,13810,18070,19300,20630,21810,24520,24870,26140,28190,30090,29560,27970,27080,26790,25290,24970,28020,33750,38720,41460,44510,49110,49000,49610,50590,50060,50700,50370,47450,46200,44990,48950,50960,48350
Azerbaijan,AZE,"GNI per capita, Atlas method (current US$)",NY.GNP.PCAP.CD,,,,,,,,,,,,,,,,,,,,,,,,,,,,,,,,,,,80,180,240,410,510,600,630,680,740,840,960,1290,1920,2730,3890,4820,5410,5570,6480,7450,7740,6610,4790,4110,4080,4510,4480
Burundi,BDI,"GNI per capita, Atlas method (current US$)",NY.GNP.PCAP.CD,,,70,80,80,70,60,50,50,50,70,70,70,80,100,110,120,140,150,180,220,250,240,230,220,240,250,260,250,230,220,220,210,180,160,150,140,150,150,140,130,130,130,120,120,140,150,170,190,200,220,230,250,260,260,260,260,260,250,240,230
Belgium,BEL,"GNI per capita, Atlas method (current US$)",NY.GNP.PCAP.CD,,,1450,1530,1670,1800,1950,2100,2270,2510,2790,3080,3640,4690,6000,6910,7580,8220,9560,11730,13980,13190,11180,9430,8860,8820,10170,13090,17010,18030,19310,20580,23170,23410,25090,27070,28550,28450,26530,25980,25860,24430,24000,27030,32810,37730,39900,42700,46470,46840,46950,46400,47100,47880,47800,45540,43360,42470,46010,48010,45750
Benin,BEN,"GNI per capita, Atlas method (current US$)",NY.GNP.PCAP.CD,,,90,100,110,110,110,120,120,120,120,120,130,160,190,200,210,230,250,310,390,410,360,290,270,260,270,310,360,340,370,380,370,380,330,360,350,380,370,410,480,530,530,600,730,820,860,920,1030,1090,1080,1090,1120,1220,1270,1180,1110,1090,1200,1250,1280
Burkina Faso,BFA,"GNI per capita, Atlas method (current US$)",NY.GNP.PCAP.CD,,,80,80,80,80,80,90,90,90,90,90,90,110,140,160,170,170,200,250,300,300,280,240,210,210,240,270,330,330,330,360,370,360,280,250,250,250,250,270,270,280,270,320,390,460,490,510,570,610,650,680,730,770,760,700,680,670,750,770,770
Bangladesh,BGD,"GNI per capita, Atlas method (current US$)",NY.GNP.PCAP.CD,,,,,,,,,,,,,,120,160,210,200,170,170,190,230,260,250,230,220,230,250,280,290,300,320,320,330,320,320,340,370,400,420,420,440,440,440,460,510,550,570,610,660,730,800,890,970,1040,1110,1220,1370,1520,1750,1930,2030
Bulgaria,BGR,"GNI per capita, Atlas method (current US$)",NY.GNP.PCAP.CD,,,,,,,,,,,,,,,,,,,,,,,2360,2090,2010,1950,2190,2720,3110,2830,2250,1620,1430,1250,1240,1520,1590,1460,1440,1480,1660,1770,1970,2370,3060,3800,4300,4820,6070,6680,7010,7260,7490,7590,7700,7430,7400,7610,8530,9500,9630
Bahrain,BHR,"GNI per capita, Atlas method (current US$)",NY.GNP.PCAP.CD,,,,,,,,,,,,,,,,,,,,,,,8520,9150,9310,7900,7230,7700,7800,7660,9070,9800,9890,10030,9680,10380,10790,10310,10070,9870,10940,11500,12060,12940,14570,16550,17890,19660,20860,18830,18970,18160,22010,23790,24070,22580,21570,21250,22000,22230,19900
"Bahamas, The",BHS,"GNI per capita, Atlas method (current US$)",NY.GNP.PCAP.CD,,,1550,1650,1760,1900,2040,2230,2450,2760,2920,3110,3190,3740,3840,4640,3120,3360,3720,5200,6050,5790,6360,6640,7700,8510,9400,10800,11710,12440,11870,11330,11550,11310,11600,14260,15930,15180,16810,24150,26360,26560,27190,27770,29270,30570,30760,31090,30960,29010,28370,28030,28550,27490,28110,28670,29020,30090,31150,32260,26070
Bosnia and Herzegovina,BIH,"GNI per capita, Atlas method (current US$)",NY.GNP.PCAP.CD,,,,,,,,,,,,,,,,,,,,,,,,,,,,,,,,,,,,,760,1010,1330,1400,1540,1620,1750,2030,2700,3060,3410,3920,4730,4970,4960,5010,4990,5270,5300,5210,5130,5120,5750,6180,6080
Belarus,BLR,"GNI per capita, Atlas method (current US$)",NY.GNP.PCAP.CD,,,,,,,,,,,,,,,,,,,,,,,,,,,,,,,,,6260,,5210,2190,1520,1520,1560,1410,1380,1300,1380,1630,2170,2820,3510,4310,5470,5660,6150,6340,6630,7030,7620,6750,5640,5320,5730,6370,6360
Belize,BLZ,"GNI per capita, Atlas method (current US$)",NY.GNP.PCAP.CD,,,330,340,350,370,390,420,420,420,420,450,520,600,730,840,800,850,930,1120,1420,1430,1290,1150,1160,1200,1350,1610,1870,2080,2260,2420,2680,2790,2780,2860,2880,2890,2780,2880,3150,3130,3200,3420,3560,3620,3740,3670,3880,4050,3880,4050,4100,4180,4260,4400,4340,4420,4620,4690,4110
Bermuda,BMU,"GNI per capita, Atlas method (current US$)",NY.GNP.PCAP.CD,,,,,,,,,,,,,,,,,,,,,,,,,,,,,,,,,,,,,,,,,,,,,,,,,,,103480,101610,100100,101760,99920,101120,103620,112940,117000,117740,112240
Bolivia,BOL,"GNI per capita, Atlas method (current US$)",NY.GNP.PCAP.CD,,,,,,,,,,,,,,,,,550,580,650,760,820,900,860,840,850,840,740,720,710,720,720,740,770,790,810,850,900,950,990,980,980,950,920,910,950,1020,1110,1220,1480,1620,1780,2000,2250,2590,2830,2960,3040,3090,3370,3520,3180
Brazil,BRA,"GNI per capita, Atlas method (current US$)",NY.GNP.PCAP.CD,,,,,,,270,320,380,420,450,510,590,730,960,1180,1400,1520,1710,2000,2180,2120,2060,1780,1680,1550,1750,2030,2310,2490,2350,2390,2340,2310,2670,3430,4350,5020,4840,4120,3930,3350,3100,2990,3350,4000,4850,6190,7620,8320,9650,11080,12310,12790,12120,10190,8920,8700,9170,9270,7850
Barbados,BRB,"GNI per capita, Atlas method (current US$)",NY.GNP.PCAP.CD,,,,,,,,,,,,,,,,,,,,,,,,,,,5910,6690,7430,7860,7600,7570,7460,7690,8010,8340,8700,9050,9420,9820,10780,10630,10650,11300,12290,13240,14220,15530,16180,15730,15540,15050,15720,15660,15630,15740,15920,16070,16700,17380,14350
Brunei Darussalam,BRN,"GNI per capita, Atlas method (current US$)",NY.GNP.PCAP.CD,,,,,,,,,,,,,,,,,,,,,,,,,,,,,,12090,12460,13580,15160,15030,15090,15680,16210,16220,14420,14040,14680,16070,17140,17800,19990,23090,27580,30930,34150,32460,33300,35520,42370,45320,43090,38850,33170,29800,29390,32230,31510
Bhutan,BTN,"GNI per capita, Atlas method (current US$)",NY.GNP.PCAP.CD,,,,,,,,,,,,,,,,,,,,,,,270,250,280,280,330,470,520,550,560,480,450,420,450,460,510,550,530,560,700,750,810,910,1030,1200,1330,1640,1770,1860,2040,2240,2390,2410,2460,2520,2650,2800,2970,3150,2840
Botswana,BWA,"GNI per capita, Atlas method (current US$)",NY.GNP.PCAP.CD,,,80,80,90,90,100,100,120,140,160,200,260,350,440,520,540,580,690,890,1110,1340,1290,1170,1090,1070,1150,1340,1980,2320,2720,3070,3270,3330,2960,3260,3180,3330,3210,3150,3170,3260,2930,3370,3920,4930,5440,5730,5740,5330,5610,6610,7250,7570,7700,6780,6950,7050,7510,7510,6640
Central African Republic,CAF,"GNI per capita, Atlas method (current US$)",NY.GNP.PCAP.CD,,,80,80,80,90,90,100,100,110,110,110,120,140,170,190,210,240,280,310,360,350,340,270,270,290,340,420,490,490,480,480,470,450,370,350,300,300,280,280,260,260,250,260,300,340,350,380,420,480,510,530,570,380,390,400,410,440,490,520,500
Canada,CAN,"GNI per capita, Atlas method (current US$)",NY.GNP.PCAP.CD,,,,,,,,,,,,,,,,,,,,,,,,,,,,,,,,,,,,,,,,21210,22620,23030,23610,25860,29900,34810,38510,43090,45650,43230,44490,47190,51080,52800,52200,47590,43890,42900,45080,46550,43580
Central Europe and the Baltics,CEB,"GNI per capita, Atlas method (current US$)",NY.GNP.PCAP.CD,,,,,,,,,,,,,,,,,,,,,,,,,,,,,,,,,2240.138113,2442.072307,2718.025763,3176.012831,3629.765013,3828.067003,3868.297722,3914.318373,4088.895509,4169.437927,4428.783622,5187.566904,6380.121912,7740.657351,8870.399672,10309.56302,12408.18842,12766.45714,12816.27418,12937.86078,13085.65746,13428.8319,13565.66436,13253.24165,12862.3508,13082.71562,14658.67166,15925.60965,15784.58961
Switzerland,CHE,"GNI per capita, Atlas method (current US$)",NY.GNP.PCAP.CD,,,,,,,,,,,,,,,,,,,,,,,,,,,,,,,,,,,,46740,49730,49340,46200,44280,44680,42110,40760,46780,55200,63080,65590,64480,65260,72470,79850,82280,87770,91700,89400,87960,84420,81880,83280,84260,82620
Channel Islands,CHI,"GNI per capita, Atlas method (current US$)",NY.GNP.PCAP.CD,,,,,,,,,,,,,,,,,,,,,,,,,,,,,,,,,,,,,,,,,42510,41460,40720,43340,50340,56280,60750,66220,,,,,,,,,,,,,
Chile,CHL,"GNI per capita, Atlas method (current US$)",NY.GNP.PCAP.CD,,,580,630,670,670,750,760,780,830,880,1060,1150,1360,1650,1150,1010,1060,1360,1790,2300,2780,2280,1820,1590,1430,1470,1660,1930,2200,2350,2600,3120,3440,3730,4420,5070,5590,5490,5120,5060,4800,4540,4510,5190,6210,7340,8690,10050,9950,10750,12190,14270,15160,14940,14130,13370,13270,14550,14990,13470
China,CHN,"GNI per capita, Atlas method (current US$)",NY.GNP.PCAP.CD,,,70,80,90,100,110,100,90,110,120,130,130,160,180,200,190,190,200,210,220,220,220,220,250,290,310,320,330,320,330,350,390,420,470,540,650,750,800,860,940,1010,1110,1280,1510,1760,2060,2510,3100,3680,4340,5040,5910,6740,7470,7890,8210,8670,9540,10310,10550
Cote d'Ivoire,CIV,"GNI per capita, Atlas method (current US$)",NY.GNP.PCAP.CD,,,160,180,220,210,230,240,270,280,300,300,320,380,480,600,680,780,950,1130,1160,1130,960,720,660,640,730,810,910,830,780,760,780,750,680,700,540,670,760,730,650,600,570,630,770,930,940,970,1090,1190,1230,1110,1240,1350,1450,2050,2050,2030,2180,2290,2280
Cameroon,CMR,"GNI per capita, Atlas method (current US$)",NY.GNP.PCAP.CD,,,,,,,,110,130,160,160,170,190,220,280,360,340,340,520,640,640,800,780,700,720,780,950,1110,1180,1080,970,900,930,950,850,830,740,760,740,730,700,670,670,790,990,1100,1160,1200,1310,1410,1400,1420,1420,1480,1540,1500,1440,1390,1490,1540,1520
"Congo, Dem. Rep.",COD,"GNI per capita, Atlas method (current US$)",NY.GNP.PCAP.CD,,,,,,,,,,,,,,,,,,,,,,,,,,,,,,,,,,,160,150,130,120,120,110,130,140,190,170,190,200,230,260,290,300,320,340,380,410,440,460,470,460,500,530,550
"Congo, Rep.",COG,"GNI per capita, Atlas method (current US$)",NY.GNP.PCAP.CD,,,150,150,160,170,180,190,200,220,220,230,270,340,420,500,480,450,490,610,830,1090,1220,1080,1060,990,980,1050,930,940,930,960,1060,910,760,480,470,590,580,490,570,630,670,700,770,1120,1600,1700,2140,2480,2750,2710,3500,3740,3990,3090,2210,1700,1790,1810,1770
Colombia,COL,"GNI per capita, Atlas method (current US$)",NY.GNP.PCAP.CD,,,280,280,310,310,320,300,300,320,330,360,390,460,550,590,620,690,850,1060,1250,1350,1330,1280,1280,1210,1220,1240,1300,1250,1330,1380,1560,1740,2050,2350,2540,2660,2570,2330,2340,2330,2370,2370,2620,3000,3500,4130,4710,5130,5620,6310,7290,7950,8200,7330,6460,5930,6260,6570,5790
Comoros,COM,"GNI per capita, Atlas method (current US$)",NY.GNP.PCAP.CD,,,,,,,,,,,,,,,,,,,,,,,660,590,550,550,620,780,960,930,980,950,1100,1080,870,850,780,790,730,700,730,700,680,790,950,1090,1130,1170,1290,1370,1380,1410,1420,1490,1490,1380,1320,1280,1370,1380,1400
Cabo Verde,CPV,"GNI per capita, Atlas method (current US$)",NY.GNP.PCAP.CD,,,,,,,,,,,,,,,,,,,,,,,510,470,450,450,510,650,840,900,900,910,1040,1190,1300,1410,1350,1350,1330,1370,1410,1350,1300,1520,1900,2160,2300,2820,3300,3480,3400,3510,3440,3490,3360,3210,3130,3080,3400,3630,3060
Costa Rica,CRI,"GNI per capita, Atlas method (current US$)",NY.GNP.PCAP.CD,,,360,350,350,370,390,410,440,470,520,570,630,760,880,970,1050,1250,1480,1740,1950,1420,1020,940,1110,1240,1440,1600,1650,1660,1750,1950,2350,2740,2980,3180,3240,3350,3400,3460,3570,3670,3770,4030,4380,4640,5060,5680,6410,6540,7260,8090,9280,9930,10350,10700,11100,11500,11970,12090,11530
Caribbean small states,CSS,"GNI per capita, Atlas method (current US$)",NY.GNP.PCAP.CD,,,480.0740855,519.9587844,564.0291955,607.2548387,609.5463319,644.4086155,671.6097408,702.8704887,754.8425925,798.1066916,947.4592633,1050.671806,1240.404002,1570.002013,1596.561249,1722.267867,1877.649201,2073.892456,2388.112233,2655.213718,2823.764254,2704.695211,2636.639208,2589.868522,2514.413987,2578.844502,2793.643546,2831.830264,2827.079893,2817.759153,2919.37419,2966.657771,3003.834518,3368.498563,3666.297051,3834.139238,4025.713431,4537.009247,4871.156171,4987.988631,5193.794467,5657.494966,6289.929926,6845.223454,7585.6137,8296.415602,9201.019888,8842.138594,8956.417816,8807.163771,9483.192899,9873.899406,9873.800475,9851.591451,9366.836402,9312.596593,9617.879122,9996.385831,8875.085909
Cuba,CUB,"GNI per capita, Atlas method (current US$)",NY.GNP.PCAP.CD,,,,,,,,,,,,,850,1040,1240,1500,1550,1600,1790,1990,2140,2430,2340,2180,2310,2310,2390,2490,2780,2750,2650,2340,2130,1870,2140,2550,2710,2500,2240,2400,2620,2760,2820,3100,3490,3960,4530,5000,5460,5520,5610,5930,6280,6640,6840,7230,7480,7950,8630,,
Curacao,CUW,"GNI per capita, Atlas method (current US$)",NY.GNP.PCAP.CD,,,,,,,,,,,,,,,,,,,,,,,,,,,,,,,,,,,,,,,,,,,,,,,,,,,,,,20580,20460,20210,19680,19610,20090,20370,17140
Cayman Islands,CYM,"GNI per capita, Atlas method (current US$)",NY.GNP.PCAP.CD,,,,,,,,,,,,,,,,,,,,,,,,,,,,,,,,,,,,,,,,,,,,,,,,,,,70220,71050,49570,44030,42930,44380,45880,52840,59380,68200,64000
Cyprus,CYP,"GNI per capita, Atlas method (current US$)",NY.GNP.PCAP.CD,,,,,,,,,,,,,,,,,,1520,1800,2400,3390,4050,4490,4220,4360,4480,5020,6300,7910,8570,9300,9460,11020,10970,11680,12810,13880,14280,15490,14340,14180,14170,14510,16710,20260,23990,25600,27340,31970,32780,32040,32550,29680,27830,26530,26010,24720,24960,27330,28600,26440
Czech Republic,CZE,"GNI per capita, Atlas method (current US$)",NY.GNP.PCAP.CD,,,,,,,,,,,,,,,,,,,,,,,,,,,,,,,,,3360,3500,4170,5150,5980,6160,6110,6110,6340,6350,6650,8110,10260,12480,14000,15850,18510,18840,19400,19460,19440,19410,18900,18370,17670,18310,20560,22110,22070
Germany,DEU,"GNI per capita, Atlas method (current US$)",NY.GNP.PCAP.CD,,,,,,,,,,,,,3600,4670,5800,6720,7130,7670,8870,11050,13010,12540,11120,10020,9880,9840,11240,14240,18620,19760,21300,22890,25810,25990,27530,29520,30860,30140,27950,26840,26150,24740,23610,26080,31570,35710,38230,40440,43570,43520,44550,47220,46530,47190,47620,45750,44250,43710,47410,49140,47470
Djibouti,DJI,"GNI per capita, Atlas method (current US$)",NY.GNP.PCAP.CD,,,,,,,,,,,,,,,,,,,,,,,,,,,,,,,,,,,,,,,,,,,,,,,,,,,,,,,,2550,2640,2730,3010,3310,3310
Dominica,DMA,"GNI per capita, Atlas method (current US$)",NY.GNP.PCAP.CD,,,,,,,,,,,,,,,,,,,,710,960,1160,1210,1220,1330,1480,1790,2170,2560,2600,2810,2960,3200,3410,3490,3720,3890,4010,4200,4200,4220,4470,4270,4680,4950,5050,5490,5760,6340,6520,6730,6920,6850,6700,7740,6880,7320,7070,7700,8250,7270
Denmark,DNK,"GNI per capita, Atlas method (current US$)",NY.GNP.PCAP.CD,,,,,,,,,2870,3140,3310,3670,4310,5580,6800,8080,8960,9780,11170,13560,15090,14180,12860,11710,11520,11840,14070,17760,22130,23050,24370,25540,28700,28570,30360,32560,34770,35150,33460,33060,32580,31410,30850,34750,42640,49610,53540,55740,60390,60090,61220,61990,61650,63200,63670,60510,58040,56690,61260,63460,63010
Dominican Republic,DOM,"GNI per capita, Atlas method (current US$)",NY.GNP.PCAP.CD,,,220,240,260,230,250,250,250,280,340,370,430,520,610,710,780,830,900,1030,1140,1210,1240,1240,1300,1100,1030,940,920,910,870,1040,1360,1620,1750,1960,2170,2360,2450,2540,2680,2740,2890,2640,2560,3040,3640,4430,4760,4920,5330,5540,5790,6030,6330,6580,6860,7090,7780,8100,7260
Algeria,DZA,"GNI per capita, Atlas method (current US$)",NY.GNP.PCAP.CD,,,190,230,240,250,230,250,280,310,330,320,440,530,710,910,1060,1100,1320,1640,1990,2200,2260,2190,2270,2400,2590,2810,2750,2550,2370,1980,1900,1730,1620,1550,1520,1510,1540,1530,1590,1670,1730,1930,2250,2710,3110,3600,4210,4290,4470,4600,5200,5520,5490,4850,4370,3950,3980,4010,3570
East Asia & Pacific (excluding high income),EAP,"GNI per capita, Atlas method (current US$)",NY.GNP.PCAP.CD,,,72.57132928,78.76138365,87.18980204,98.53536153,106.4188505,100.4356061,97.43059608,109.2025273,122.1444152,125.4901737,132.4370678,159.8183433,187.1751266,217.8918004,213.4900911,226.9214795,240.7626509,265.9286257,294.1443618,311.2899699,310.923726,306.6651771,324.3875271,346.5306117,367.9717648,384.4758218,404.2418838,406.2879527,421.8491126,451.9574997,501.7708859,545.0366067,612.0137382,704.2170609,819.7471627,888.2821271,832.3306271,854.7138774,909.845566,980.9378032,1061.687312,1206.571694,1418.98868,1633.914787,1891.272332,2269.618969,2765.028628,3211.990092,3750.490387,4331.598209,5058.842975,5685.89066,6182.564578,6431.939193,6637.447164,6975.077847,7650.701874,8233.989648,8323.880237
Early-demographic dividend,EAR,"GNI per capita, Atlas method (current US$)",NY.GNP.PCAP.CD,,,,,,,,194.406604,200.5162418,214.2578574,226.13809,238.6179685,254.8543403,304.3535131,388.7676685,468.0889768,514.4075711,528.7132579,564.7215633,656.5890225,777.244124,877.8500272,856.9169314,796.1170706,767.3865365,766.6575879,791.6832223,828.2636741,856.2270829,824.8944093,861.1104661,902.1670803,997.4929491,1056.352606,1113.951019,1140.080598,1194.900189,1232.881661,1198.824436,1211.559064,1274.103666,1292.611896,1261.165775,1340.753057,1522.507601,1741.86174,1954.775262,2209.416127,2473.826367,2564.314011,2794.90086,3000.836995,3285.985486,3410.424922,3442.607603,3321.548637,3278.383446,3324.958068,3470.291524,3534.063576,3257.913352
East Asia & Pacific,EAS,"GNI per capita, Atlas method (current US$)",NY.GNP.PCAP.CD,,,143.3357339,156.6504594,174.9997392,193.6232591,212.7158109,223.6404305,242.6686826,276.3384669,306.5770904,334.5304242,392.5611864,498.6217869,604.6954796,705.8843669,731.9711547,791.8672443,934.9169288,1134.731758,1288.470152,1339.395849,1291.632573,1257.584747,1297.050512,1382.505866,1588.140346,1938.998918,2476.055904,2654.487778,2757.144686,2866.649723,3068.279486,3317.739682,3654.223661,4133.320279,4364.223013,4231.391156,3701.875846,3661.280529,3869.857316,3956.67505,3909.510262,4092.383295,4602.651516,5040.208043,5325.675157,5692.249367,6199.253781,6545.356346,7358.374011,8162.330776,9119.798294,9711.412578,9931.074686,9810.525279,9884.605275,10219.68571,11082.92373,11686.11949,11609.63272
Europe & Central Asia (excluding high income),ECA,"GNI per capita, Atlas method (current US$)",NY.GNP.PCAP.CD,,,,,,,,,,,,,,,,,,,,,,,,,,,,,,,,2554.800579,2407.011388,2303.837579,1973.443803,1931.854292,1924.0284,1992.973475,1839.531459,1706.820939,1791.182015,1710.865351,1869.923733,2209.114398,2906.960197,3745.930572,4645.924889,5776.036245,7072.24693,6982.424721,7477.140657,8112.179011,9316.989506,10272.95572,10174.41974,8865.335516,7746.460498,7447.889026,7868.316054,8253.21357,7914.071352
Europe & Central Asia,ECS,"GNI per capita, Atlas method (current US$)",NY.GNP.PCAP.CD,,,,,,,,,,,,,1754.172696,2222.177924,2710.029865,3119.961393,3296.62885,3516.161907,3971.405798,4910.401933,5881.979316,5914.507482,5416.747328,4842.09028,4661.992373,4647.288104,5321.506778,6733.432426,8630.997815,9222.405493,9910.029778,10588.12075,11663.00199,11469.02341,11610.80016,12040.89126,12752.94291,13010.12266,12611.83806,12482.52282,12569.97289,12156.47848,12081.73494,13653.15534,16600.9299,19240.97223,20856.38882,22579.20182,24591.08062,24356.49709,24562.57606,25038.61639,25368.48232,26061.31838,26083.92263,24716.42282,23405.35079,22901.64167,24448.82441,25357.34308,24048.16978
Ecuador,ECU,"GNI per capita, Atlas method (current US$)",NY.GNP.PCAP.CD,,,380,350,380,430,450,460,470,500,520,510,510,600,830,1090,1280,1360,1550,1820,2110,2460,2390,2110,1890,1820,1770,1640,1510,1360,1370,1480,1600,1670,1820,1970,2080,2180,2160,1780,1550,1550,1730,2110,2550,2880,3100,3300,3850,4060,4400,4880,5390,5810,6110,5970,5800,5860,6090,6090,5530
"Egypt, Arab Rep.",EGY,"GNI per capita, Atlas method (current US$)",NY.GNP.PCAP.CD,,,,,,,,170,180,190,220,240,260,290,300,330,350,370,390,420,490,520,550,560,640,680,740,870,840,780,760,750,750,760,820,920,1020,1130,1210,1310,1420,1430,1330,1240,1200,1220,1320,1530,1840,2120,2370,2560,2840,3030,3230,3340,3440,3030,2790,2690,3000
Euro area,EMU,"GNI per capita, Atlas method (current US$)",NY.GNP.PCAP.CD,,,,,,,,,,,,,2899.278843,3723.515979,4622.818019,5329.937832,5651.633034,6070.739252,6891.9806,8548.557283,10265.48551,10165.53664,9203.934394,8203.861432,7974.309244,7987.292707,9230.304274,11815.78544,15367.1595,16472.54245,17757.87833,18996.89515,21316.63745,20989.47484,21525.75209,22654.46458,23912.44848,23860.48379,22815.47988,22410.95779,22187.40899,21264.20125,20722.6226,23314.53772,28299.16439,32411.64473,34555.55082,36716.64215,39532.63938,39638.5312,39767.34193,40301.54958,39287.63151,39483.39864,39368.04703,37716.55829,36331.79581,35846.37923,38822.81317,40268.67459,38096.99971
Eritrea,ERI,"GNI per capita, Atlas method (current US$)",NY.GNP.PCAP.CD,,,,,,,,,,,,,,,,,,,,,,,,,,,,,,,,,,,270,270,300,320,330,310,300,310,300,300,340,390,410,420,410,480,510,600,,,,,,,,,
Spain,ESP,"GNI per capita, Atlas method (current US$)",NY.GNP.PCAP.CD,,,500,570,640,730,840,930,1010,1110,1170,1310,1590,2090,2730,3240,3430,3640,4040,5010,6210,6310,5680,4860,4580,4550,5400,7110,9410,10700,12210,13700,15610,15010,14470,14830,15560,15820,15440,15480,15770,15520,15590,18030,22070,25870,27820,29740,32190,32460,31880,30950,29520,29210,29130,28430,27530,27070,29280,30350,27360
Estonia,EST,"GNI per capita, Atlas method (current US$)",NY.GNP.PCAP.CD,,,,,,,,,,,,,,,,,,,,,,,,,,,,,,,,,,,,,,,,,4170,4310,4620,5730,7500,9730,11500,13430,15210,14650,14710,15990,16880,18250,19000,18700,18430,18770,21300,23250,23170
Ethiopia,ETH,"GNI per capita, Atlas method (current US$)",NY.GNP.PCAP.CD,,,,,,,,,,,,,,,,,,,,,,,,210,200,190,230,280,270,260,260,250,220,210,160,150,150,140,130,120,130,130,120,110,140,160,180,220,280,340,380,390,410,470,550,600,670,740,800,850,890
European Union,EUU,"GNI per capita, Atlas method (current US$)",NY.GNP.PCAP.CD,,,,,,,,,,,,,2412.809859,3093.083139,3832.090819,4423.567734,4689.861471,5030.255923,5700.281294,7048.99201,8435.591498,8347.867485,7550.601027,6717.475911,6523.067719,6533.229419,7555.370577,9659.083154,12519.54685,13414.34721,14446.75971,15443.71793,17322.49854,17057.40272,17532.60376,18514.3672,19634.067,19673.5729,18888.75708,18608.84009,18511.08262,17816.4322,17479.88531,19733.79019,23995.02562,27607.24746,29605.30963,31659.66381,34396.58309,34522.28174,34716.41312,35199.94535,34521.99173,34834.48142,34802.16338,33402.22128,32178.21175,31831.79054,34550.22591,35969.78699,34234.40846
Fragile and conflict affected situations,FCS,"GNI per capita, Atlas method (current US$)",NY.GNP.PCAP.CD,,,,,,,,,,,,,,,,,,,,,918.4227807,1013.240343,1075.801807,1065.185734,949.8270229,907.6699463,902.0706328,932.6018154,949.6783169,842.2507842,1025.48877,595.4113605,591.1664217,534.298146,495.9063332,519.5339121,563.6970799,628.6658805,630.3147516,664.3317197,718.7682248,776.1336067,771.0248228,763.8331377,905.717219,1049.953542,1261.39002,1500.939034,1815.838579,1973.134094,2128.283631,1958.789312,2117.505562,2180.246235,2261.017563,1988.407938,1802.973111,1659.050627,1674.870367,1757.886298,1629.643957
Finland,FIN,"GNI per capita, Atlas method (current US$)",NY.GNP.PCAP.CD,,,1370,1470,1620,1810,1970,2060,2090,2270,2460,2690,3170,4030,5130,6320,6840,7190,7910,9540,11450,11980,11700,10840,10790,11130,13010,16480,21540,24110,26000,25100,24170,20680,20170,22030,24970,26680,25820,26040,26450,25810,25550,28720,35270,40170,42800,46160,50070,48800,49600,50150,48940,49480,49390,47150,45500,44790,48160,49940,49780
Fiji,FJI,"GNI per capita, Atlas method (current US$)",NY.GNP.PCAP.CD,,,280,290,300,290,300,340,350,350,400,440,530,720,930,1120,1220,1300,1360,1660,1870,2040,1800,1580,1660,1580,1790,1770,1790,1790,1790,1790,1990,2090,2230,2460,2660,2580,2290,2350,2230,2140,2160,2410,3020,3570,3590,3790,3980,3850,3650,3770,4140,4710,5020,5100,5280,5370,5910,5800,4890
France,FRA,"GNI per capita, Atlas method (current US$)",NY.GNP.PCAP.CD,,,1550,1700,1870,2030,2200,2360,2560,2820,3020,3250,3670,4690,5790,6720,7140,7810,8830,10820,13080,13190,12040,10450,9820,9770,11330,14460,18520,19490,20640,21420,23840,23580,24380,25740,27110,26930,25830,25420,24970,23840,23090,25930,31360,35870,37850,40130,43460,43930,43850,44350,43380,43780,43320,41100,39070,38270,41150,42510,39480
Faroe Islands,FRO,"GNI per capita, Atlas method (current US$)",NY.GNP.PCAP.CD,,,,,,,,,,,,,,,,,,,,,,,,,,,,,,,,,,,,,,,,,,,,,,,,,,,,,,,,,,,,,
"Micronesia, Fed. Sts.",FSM,"GNI per capita, Atlas method (current US$)",NY.GNP.PCAP.CD,,,,,,,,,,,,,,,,,,,,,,,,,,,,,,,,,,2120,2130,2200,2140,1930,1950,2050,2210,2260,2270,2380,2440,2560,2560,2570,2590,2820,2900,3070,3150,3180,3150,3490,3410,3450,3400,3930,3950
Gabon,GAB,"GNI per capita, Atlas method (current US$)",NY.GNP.PCAP.CD,,,330,410,340,360,420,440,460,530,570,610,690,910,1700,2870,4450,4010,3090,3520,4590,5290,4840,4260,4310,3860,3840,3430,4150,4580,4820,5170,5120,4430,4130,3910,4100,4270,3940,3280,3100,3430,3610,3880,4310,5520,5740,6590,7320,7590,7850,8120,9090,9330,9330,7970,7080,6510,6830,7170,7030
United Kingdom,GBR,"GNI per capita, Atlas method (current US$)",NY.GNP.PCAP.CD,,,,,,,,,,,2530,2790,3200,3910,4370,4880,5020,5230,5950,7580,9550,10660,10660,9860,9270,9160,10250,12710,16160,17380,18570,19390,21480,21360,21890,21070,22790,25570,26900,28060,29280,28940,29180,32270,37860,42810,45160,47650,48690,44420,41940,41300,41940,42920,44670,44730,43460,41880,42410,43460,39830
Georgia,GEO,"GNI per capita, Atlas method (current US$)",NY.GNP.PCAP.CD,,,,,,,,,,,,,,,,,,,,,,,,,,,,,,,,,2260,1610,760,550,670,820,870,840,790,780,840,990,1210,1520,1910,2380,2820,2950,3210,3520,4150,4530,4740,4410,4080,4040,4460,4690,4270
Ghana,GHA,"GNI per capita, Atlas method (current US$)",NY.GNP.PCAP.CD,,,190,200,210,230,250,240,220,220,250,270,260,280,320,300,290,300,350,380,420,410,360,320,340,350,390,420,440,400,400,410,430,420,370,370,380,390,390,390,340,300,270,320,380,460,600,790,1150,1190,1240,1380,1530,1840,1880,1940,1810,1880,2120,2230,2340
Gibraltar,GIB,"GNI per capita, Atlas method (current US$)",NY.GNP.PCAP.CD,,,,,,,,,,,,,,,,,,,,,,,,,,,,,,,,,,,,,,,,,,,,,,,,,,,,,,,,,,,,,
Guinea,GIN,"GNI per capita, Atlas method (current US$)",NY.GNP.PCAP.CD,,,,,,,,,,,,,,,,,,,,,,,,,,,,,400,390,410,420,460,490,500,500,510,510,470,450,400,360,350,340,370,360,400,470,620,670,690,680,700,700,740,760,780,820,860,950,1020
"Gambia, The",GMB,"GNI per capita, Atlas method (current US$)",NY.GNP.PCAP.CD,,,,,,,,,110,110,110,110,120,150,180,230,230,240,260,310,380,390,340,300,290,300,300,320,300,300,310,400,520,710,690,690,700,690,660,640,620,560,440,390,470,520,640,700,810,880,890,760,760,730,650,620,620,660,720,750,750
Guinea-Bissau,GNB,"GNI per capita, Atlas method (current US$)",NY.GNP.PCAP.CD,,,,,,,,,,,,,120,130,150,170,150,140,160,180,150,190,200,190,190,200,160,170,180,210,220,240,240,230,220,220,240,240,160,160,210,250,300,330,380,430,440,470,510,560,580,640,630,640,640,640,650,680,720,800,760
Equatorial Guinea,GNQ,"GNI per capita, Atlas method (current US$)",NY.GNP.PCAP.CD,,,,,,,,,,,,,,,,,,,,,,,130,130,130,150,170,210,250,230,260,270,380,370,270,250,360,870,700,820,770,900,1270,1190,1720,3890,8110,11600,14250,12530,9970,11540,13870,14030,13230,10850,8270,6510,6730,6280,5810
Greece,GRC,"GNI per capita, Atlas method (current US$)",NY.GNP.PCAP.CD,,,620,700,790,900,1000,1090,1200,1370,,,,,,,,,,,,,,,,,,,,,,,,,,,,,,,,,,,,,24550,26350,28660,29330,27530,24510,23170,22410,21990,20170,18630,17940,19060,19650,17930
Grenada,GRD,"GNI per capita, Atlas method (current US$)",NY.GNP.PCAP.CD,,,,,,,,,,,,,,,,,,,,1150,1300,1310,1300,1280,1340,1500,1790,2200,2490,2670,2840,3040,3140,3120,3210,3310,3500,3660,3990,4310,4610,4510,4650,5290,5350,6650,6430,6830,7260,6720,6940,7060,7030,7350,7520,7750,8350,8740,9560,9770,9410
Greenland,GRL,"GNI per capita, Atlas method (current US$)",NY.GNP.PCAP.CD,,,,,,,,,,,,,1890,2440,3130,3800,4330,5140,6160,7550,9270,9100,8020,7270,6740,7060,8540,11470,15170,16970,15690,16510,17440,16600,17830,19470,20780,20540,20440,19740,20290,19390,18760,20440,25730,30920,30240,34800,,,,,,,,,,,,,
Guatemala,GTM,"GNI per capita, Atlas method (current US$)",NY.GNP.PCAP.CD,,,260,280,280,290,290,290,310,330,350,360,390,450,540,610,690,800,920,1080,1210,1240,1170,1110,1130,1160,1070,1020,980,980,930,970,1030,1140,1230,1360,1440,1530,1610,1650,1670,1600,1600,1670,1850,2000,2150,2370,2610,2650,2730,2910,3160,3380,3550,3700,3870,4100,4400,4610,4490
Guam,GUM,"GNI per capita, Atlas method (current US$)",NY.GNP.PCAP.CD,,,,,,,,,,,,,,,,,,,,,,,,,,,,,,,,,,,,,,,,,,,,,,,,,,,,,,,,,,,,,
Guyana,GUY,"GNI per capita, Atlas method (current US$)",NY.GNP.PCAP.CD,,,280,250,280,310,320,340,330,350,360,380,390,430,540,680,660,610,620,670,760,740,590,510,470,500,520,460,470,360,400,330,390,460,570,670,830,890,880,860,890,880,890,940,1030,1090,1470,2280,3850,4190,4510,4820,5290,5540,5570,5470,5600,5910,6290,6630,7130
High income,HIC,"GNI per capita, Atlas method (current US$)",NY.GNP.PCAP.CD,,,1532.687366,1624.908897,1746.841469,1893.018875,2062.249384,2192.186282,2400.155238,2611.834157,2770.42415,3018.925401,3457.130089,4226.584291,4935.712797,5517.274392,5852.828156,6283.408656,7179.628644,8620.410432,9962.558738,10367.13772,9868.339165,9458.980778,9809.893233,10264.30404,11587.03821,13899.06733,16926.1052,17823.92507,18633.51969,19380.69334,21079.90628,21588.58522,22740.42107,24280.41157,25503.65033,25626.77318,24641.30206,24922.39022,25964.27972,25945.89671,25764.26455,27755.7327,31653.35492,34844.44819,36553.95384,37975.2601,39572.76033,38870.35227,39947.1079,41296.84403,42664.98384,43480.95374,43637.6925,42386.85547,41487.22945,41774.7064,44688.26233,46253.9713,44479.10021
"Hong Kong SAR, China",HKG,"GNI per capita, Atlas method (current US$)",NY.GNP.PCAP.CD,,,,570,630,700,710,710,740,840,930,1060,1300,1750,2150,2450,2900,3340,3930,4700,5730,6360,6290,5890,6170,6090,7230,9080,10770,11550,12660,14320,16560,19560,21820,23570,24140,26080,25110,25800,26930,26350,25270,26340,28120,28890,30290,32070,33950,32350,33620,35690,36340,38570,40240,41180,42970,46390,50060,50480,48630
Honduras,HND,"GNI per capita, Atlas method (current US$)",NY.GNP.PCAP.CD,,,180,180,190,210,220,230,250,250,260,270,280,320,360,380,410,460,610,830,1090,1090,1020,1000,1080,1160,1260,1410,1410,1270,1110,940,930,950,880,900,870,910,910,930,1020,1040,1060,1120,1200,1280,1350,1480,1620,1660,1730,1860,1950,2000,1990,2040,2110,2230,2310,2380,2180
Heavily indebted poor countries (HIPC),HPC,"GNI per capita, Atlas method (current US$)",NY.GNP.PCAP.CD,,,,,,,,,,,,,,,,,,,,,,,,325.1072944,311.8214591,313.7068923,353.15515,413.6394143,436.2828954,413.2672574,384.6270024,367.3039886,358.540075,345.9287797,310.3369732,315.3783819,315.0067418,328.0819446,326.556632,328.6374575,330.8354761,329.518427,335.9291194,361.4853421,415.4065844,469.8997491,520.1325229,586.5394053,687.4816684,741.1869512,772.4650248,798.3831524,832.8332452,883.4221069,923.4956142,934.5303462,908.4487729,900.5191666,946.9408597,979.8543334,959.0290015
Croatia,HRV,"GNI per capita, Atlas method (current US$)",NY.GNP.PCAP.CD,,,,,,,,,,,,,,,,,,,,,,,,,,,,,,,,,,,,,,5570,5470,5230,5260,5350,5660,6730,8590,10250,11410,12760,14360,14220,14210,14180,13590,13750,13420,13140,12550,12840,14280,15320,14530
Haiti,HTI,"GNI per capita, Atlas method (current US$)",NY.GNP.PCAP.CD,,,,,,,,,,,,,,,,,,,,,250,250,250,240,260,280,320,340,380,370,420,450,390,310,260,310,360,390,400,450,550,640,720,660,650,690,790,900,1010,1160,1130,1240,1300,1390,1430,1410,1360,1340,1410,1390,1320
Hungary,HUN,"GNI per capita, Atlas method (current US$)",NY.GNP.PCAP.CD,,,,,,,,,,,,,,,,,,,,,,,,,,,,,,,,,,3660,4030,4250,4370,4400,4410,4490,4620,4790,5290,6630,8650,10390,11250,11770,13250,13420,13270,13260,13090,13520,13560,13230,13100,13190,14980,16520,15890
IBRD only,IBD,"GNI per capita, Atlas method (current US$)",NY.GNP.PCAP.CD,,,,,177.5412396,192.1968932,200.822305,201.141229,206.2698861,224.1097437,241.7185255,256.3760613,277.2836055,334.4915256,414.7047204,487.8714075,511.2052736,532.481401,575.2516527,662.5231193,758.3542399,818.3823459,805.4448998,752.7144489,746.6143603,760.5106748,802.9619498,866.8437704,919.0187027,913.0046146,956.97724,969.1386202,1025.271149,1068.836248,1128.859601,1214.753295,1340.498687,1433.989819,1389.833476,1366.897061,1417.635631,1428.163239,1446.187175,1570.199544,1829.161968,2137.69468,2487.512421,2955.945544,3493.074933,3759.161866,4198.301485,4674.930158,5296.645821,5725.667543,5909.708743,5732.792871,5624.79465,5748.984848,6177.924014,6510.13298,6269.713198
IDA & IBRD total,IBT,"GNI per capita, Atlas method (current US$)",NY.GNP.PCAP.CD,,,,,164.996523,178.1787376,186.0357584,186.5268529,191.5457438,207.934375,225.2745726,238.5890136,257.3678043,307.262677,381.5966633,448.6738505,472.1966201,491.6895325,529.7707346,609.7490761,698.349918,757.1735691,751.7271884,708.2642123,691.8145623,698.4861229,732.4309117,788.7177943,833.6852359,822.9093643,855.5791007,861.8663511,906.2766561,935.2539717,978.1200774,1047.520953,1150.792391,1227.200552,1189.02282,1169.323633,1209.415503,1218.750005,1234.804093,1337.602059,1554.138784,1808.230944,2096.736017,2477.387799,2917.709844,3133.122744,3478.949566,3828.922274,4306.203972,4640.008659,4785.854238,4642.416372,4541.399435,4617.042928,4935.791762,5178.74628,4978.674969
IDA total,IDA,"GNI per capita, Atlas method (current US$)",NY.GNP.PCAP.CD,,,,,,,,,,135.2429252,153.3985233,160.4644849,169.0454682,181.5630421,229.9560354,270.2106849,297.5292342,310.7643851,329.149588,379.1943218,439.4130297,499.2029614,533.9003531,536.5135656,471.0680954,446.412312,445.1529877,472.5571888,490.4798636,461.528754,448.9065399,435.05461,433.686149,403.78075,379.0221667,389.0075979,410.9257971,429.7252917,425.8907917,429.8095355,439.6816077,454.7882034,473.9486676,511.2635247,589.8003886,667.7694487,761.7212735,863.6567133,1003.163775,1077.441795,1147.546859,1120.49948,1172.614989,1245.72609,1314.82144,1317.016066,1279.677543,1253.881596,1296.107775,1333.340047,1305.14998
IDA blend,IDB,"GNI per capita, Atlas method (current US$)",NY.GNP.PCAP.CD,,,104.7304098,111.7165996,115.8773562,122.3308914,127.3719052,126.7053868,134.2054501,150.9208656,180.0167475,190.3722663,201.6219622,208.7417276,268.459119,307.348988,358.3533053,387.7942448,414.4768116,479.685345,562.8462864,676.0459955,783.4761163,835.4762996,699.7304991,637.5103317,582.8940856,572.3436768,584.0068015,533.8095293,524.7666611,507.2289204,512.0824323,458.0059368,436.3671729,444.9359351,481.7919045,501.3691639,488.5953734,491.938391,504.2535106,528.9824697,562.8831527,607.941275,718.3752738,828.1861363,985.1937269,1127.551911,1318.973817,1382.270363,1461.950207,1540.611251,1719.043845,1872.433962,2006.170914,1979.770282,1867.385068,1753.537209,1744.726419,1740.019276,1664.756395
Indonesia,IDN,"GNI per capita, Atlas method (current US$)",NY.GNP.PCAP.CD,,,,,,,,,,70,80,80,90,110,160,220,270,300,360,400,470,530,560,530,520,500,520,510,510,530,560,610,660,740,850,990,1090,1100,660,570,580,720,790,900,1080,1220,1380,1600,1940,2150,2530,3010,3580,3730,3620,3430,3400,3530,3840,4050,3870
IDA only,IDX,"GNI per capita, Atlas method (current US$)",NY.GNP.PCAP.CD,,,,,,,,,,,,,,,,,,,,,,,,333.9435594,318.8487316,321.034515,360.3253645,417.3447917,440.4490277,426.0464169,410.0390085,398.3823295,392.4669889,379.5142933,351.6111133,362.9559324,375.3134237,394.1015571,396.1768778,400.5715156,409.0785435,419.2998254,430.9634503,464.5776438,527.1500778,589.1733799,651.0478971,732.6491792,846.01739,926.3313062,991.5083194,909.9263556,897.7125062,929.7198516,965.5697321,981.9104729,982.2661738,1000.91043,1068.939471,1127.429498,1123.467239
Isle of Man,IMN,"GNI per capita, Atlas method (current US$)",NY.GNP.PCAP.CD,,,,,,,,,,,,,,,,,,,,,,,,,,,,,,,,,,,,,,17050,18800,21310,21880,22480,23780,27790,34170,39600,44420,47220,42870,45990,71570,74390,82210,87840,89000,83990,78860,78810,83660,83920,
India,IND,"GNI per capita, Atlas method (current US$)",NY.GNP.PCAP.CD,,,90,100,110,110,110,110,100,110,120,120,120,140,170,190,180,190,210,220,270,290,290,280,280,290,310,350,390,390,380,350,340,320,340,370,400,410,410,440,440,450,460,520,610,710,790,910,1000,1120,1220,1360,1480,1520,1560,1600,1680,1820,2010,2120,1920
Not classified,INX,"GNI per capita, Atlas method (current US$)",NY.GNP.PCAP.CD,,,,,,,,,,,,,,,,,,,,,,,,,,,,,,,,,,,,,,,,,,,,,,,,,,,,,,,,,,,,,
Ireland,IRL,"GNI per capita, Atlas method (current US$)",NY.GNP.PCAP.CD,,,,,,,,,,,,,2070,2540,2990,3390,3280,3580,4120,5120,6380,6780,6390,5720,5610,5630,6370,8220,10420,11100,12560,13130,14440,14600,15480,16920,18880,20650,21430,22690,24110,24050,24850,29910,37720,44570,47900,50490,50830,46660,44720,42130,40700,43490,46380,50360,51770,53280,59280,63230,65620
"Iran, Islamic Rep.",IRN,"GNI per capita, Atlas method (current US$)",NY.GNP.PCAP.CD,,,210,210,220,250,270,290,320,360,390,450,540,730,1090,1460,1980,2060,2000,2240,2050,2320,3070,3260,3070,3420,3600,3470,2970,2530,2540,,,,,1290,1600,1790,1780,1740,1760,1790,1880,2200,2520,2960,3480,4270,4970,5560,6250,6870,7130,6990,6500,5370,5500,5420,4530,3640,2960
Iraq,IRQ,"GNI per capita, Atlas method (current US$)",NY.GNP.PCAP.CD,,,,,,,,,,,,,,,,,,,,,3910,3420,3010,2350,2540,2760,3060,3540,3730,3730,7070,70,50,40,60,130,390,750,920,1290,1600,1730,1420,850,1370,1430,1820,2400,3550,4160,4580,4960,6310,7050,6750,5800,5340,4640,5040,5810,4680
Iceland,ISL,"GNI per capita, Atlas method (current US$)",NY.GNP.PCAP.CD,,,1540,1740,2050,2440,2980,3110,2790,2490,,,,,,,,,,,,,,,,,,,,,,,,,,,,28480,29270,30400,31540,30700,30930,33710,42020,50520,53450,61880,50060,41860,36270,37610,40690,46960,48090,49940,54910,60230,67760,72900,62420
Israel,ISR,"GNI per capita, Atlas method (current US$)",NY.GNP.PCAP.CD,,,1320,1330,1310,1440,1470,1480,1730,1910,,,,,,,,,,,,,,,,,,,,,,,,,,,,18960,18770,18480,19360,19310,18540,18650,20010,21500,22370,24040,26270,27400,29770,31760,32540,34670,36300,36200,36540,37970,41320,43540,42600
Italy,ITA,"GNI per capita, Atlas method (current US$)",NY.GNP.PCAP.CD,,,960,1060,1160,1280,1410,1550,1700,1850,2060,2250,2620,3250,3930,4320,4510,4730,5270,6740,8430,8710,8220,7630,7760,8030,9380,12160,15950,17300,18660,20370,22960,21590,20860,20670,21830,22300,22220,21990,21890,21170,20710,23350,28270,32430,34250,35900,37910,37870,37850,37900,36200,35550,34890,32980,31950,31340,33810,34870,32290
Jamaica,JAM,"GNI per capita, Atlas method (current US$)",NY.GNP.PCAP.CD,,,,,,,,,620,650,720,760,980,1020,1180,1370,1380,1460,1410,1320,1220,1300,1350,1390,1130,920,950,1170,1480,1690,1770,1730,1610,1840,1880,2290,2520,2770,2890,3120,3240,3240,3260,3440,3650,3800,4080,4320,4560,4330,4390,4590,4980,5010,4910,4700,4600,4750,5010,5250,4670
Jordan,JOR,"GNI per capita, Atlas method (current US$)",NY.GNP.PCAP.CD,,,,,,,,,,,,,,,,,,,1160,1540,1810,2040,1980,1750,1730,1670,1870,2100,2160,1560,1270,1090,1240,1280,1340,1420,1430,1450,1480,1530,1670,1740,1780,1900,2160,2340,2510,2730,3110,3380,3520,3620,3720,3830,3920,3950,4000,4080,4270,4410,4310
Japan,JPN,"GNI per capita, Atlas method (current US$)",NY.GNP.PCAP.CD,,,610,700,810,900,1040,1210,1430,1680,1880,2140,2720,3620,4430,5170,5410,5940,7450,9450,10850,11120,10550,10270,10520,11470,13860,18180,24920,27010,27820,28580,30540,33350,37120,42550,43940,40760,35010,34320,36810,37380,35360,35660,39000,41280,40590,39310,39380,39230,43910,47470,50060,48850,44440,39380,38490,38990,41850,42330,40360
Kazakhstan,KAZ,"GNI per capita, Atlas method (current US$)",NY.GNP.PCAP.CD,,,,,,,,,,,,,,,,,,,,,,,,,,,,,,,,,,1430,1310,1280,1340,1390,1390,1290,1270,1360,1530,1810,2300,2930,3860,4980,6110,6790,7440,8280,9940,11840,12080,11380,8770,8040,8070,8820,8710
Kenya,KEN,"GNI per capita, Atlas method (current US$)",NY.GNP.PCAP.CD,,,100,100,110,100,120,120,130,140,130,160,190,200,230,250,250,280,320,390,450,450,390,340,310,310,340,370,410,400,370,350,330,270,260,270,340,390,430,430,410,400,380,400,450,510,580,700,820,820,920,1000,1050,1110,1230,1300,1460,1510,1680,1830,1840
Kyrgyz Republic,KGZ,"GNI per capita, Atlas method (current US$)",NY.GNP.PCAP.CD,,,,,,,,,,,,,,,,,,,,,,,,,,,,,,,,,520,450,370,360,390,390,360,300,280,280,290,340,400,450,500,610,760,860,850,880,1040,1190,1250,1180,1110,1110,1220,1240,1160
Cambodia,KHM,"GNI per capita, Atlas method (current US$)",NY.GNP.PCAP.CD,,,,,,,,,,,,,,,,,,,,,,,,,,,,,,,,,,,,250,320,320,290,300,300,310,320,350,400,460,520,590,670,700,750,810,880,970,1020,1060,1140,1230,1380,1530,1500
Kiribati,KIR,"GNI per capita, Atlas method (current US$)",NY.GNP.PCAP.CD,,,,,,,,,,,,,,,,,,,870,860,690,660,790,780,590,540,520,550,640,670,720,960,1030,1020,1050,1150,1090,1340,1470,1300,1330,1340,1250,1310,1480,1700,1710,1820,1930,1900,2050,2090,2620,2980,3220,3470,2920,3020,3100,3430,2960
St. Kitts and Nevis,KNA,"GNI per capita, Atlas method (current US$)",NY.GNP.PCAP.CD,,,,,,,,,,,,,,,,,,,,1370,1670,1850,1940,2010,2240,2510,3070,3690,4390,4660,5220,5260,5710,6190,6710,7310,7690,8080,7830,8280,9120,9440,9370,9270,10390,11640,12440,13050,14850,14620,14690,15450,15470,16610,16490,16410,18510,18840,19790,21160,19080
"Korea, Rep.",KOR,"GNI per capita, Atlas method (current US$)",NY.GNP.PCAP.CD,,,120,120,130,130,140,150,190,240,280,310,340,430,550,660,810,970,1280,1680,1870,2030,2050,2170,2340,2480,2850,3530,4520,5380,6450,7570,8310,9010,10090,11820,13320,13550,10330,10430,11030,11950,12850,13790,16200,18520,20800,23440,23860,22040,22290,23590,25660,26980,28160,28720,29330,30300,32730,33860,32960
Kuwait,KWT,"GNI per capita, Atlas method (current US$)",NY.GNP.PCAP.CD,,,,,,,,,,,,,,,,,,,,,,,,,,,,,,,,,,,,20520,20870,21480,19680,16870,17980,18660,18930,22600,28510,35220,42300,47580,51710,45000,42490,43790,49690,53060,51000,41820,35330,31400,33430,36290,
Latin America & Caribbean (excluding high income),LAC,"GNI per capita, Atlas method (current US$)",NY.GNP.PCAP.CD,,,,,,,449.4750297,464.5966251,498.8249648,532.6499287,563.8766603,618.5483964,681.2383811,827.2748192,1058.517937,1249.551535,1327.9078,1362.1593,1478.190252,1735.130119,2012.340722,2166.440765,2061.701526,1814.151969,1731.638489,1675.36547,1738.640623,1895.542979,2036.481915,2066.822662,2123.128465,2314.197625,2621.272754,2875.876498,3279.49791,3497.161725,3880.560888,4191.732824,4170.618429,3946.69527,4016.969567,3872.72663,3642.245903,3651.516591,3928.486695,4377.796281,5032.67112,5862.529023,6743.041169,6878.665548,7627.653522,8469.265093,9354.508296,9799.053056,9628.129506,8814.303015,8086.433423,7959.401876,8241.907638,8317.391697,7211.510472
Lao PDR,LAO,"GNI per capita, Atlas method (current US$)",NY.GNP.PCAP.CD,,,,,,,,,,,,,,,,,,,,,,,,,,,550,430,250,210,190,210,250,280,310,350,380,370,310,290,280,310,320,340,390,460,510,620,750,890,1000,1140,1370,1610,1830,1980,2130,2260,2480,2540,2520
Lebanon,LBN,"GNI per capita, Atlas method (current US$)",NY.GNP.PCAP.CD,,,,,,,,,,,,,,,,,,,,,,,,,,,,,,,1310,1700,1920,2220,2610,3160,3720,4000,4250,4490,4600,4460,4200,3790,4730,4890,4860,5410,6060,6870,7470,7560,7560,7640,7550,7300,7250,7490,7750,7420,5370
Liberia,LBR,"GNI per capita, Atlas method (current US$)",NY.GNP.PCAP.CD,,,,,,,,,,,,,,,,,,,,,,,,,,,,,,,,,,,,,,,,,,,250,180,210,250,290,330,390,430,460,520,570,650,650,650,640,640,630,610,570
Libya,LBY,"GNI per capita, Atlas method (current US$)",NY.GNP.PCAP.CD,,,,,,,,,,,,,,,,,,,,,,,,,,,,,,,,,,,,,,,,,,,5170,5160,5140,6860,8600,10400,12200,12090,12380,4690,11550,10750,7610,5690,4550,5410,6800,7720,4960
St. Lucia,LCA,"GNI per capita, Atlas method (current US$)",NY.GNP.PCAP.CD,,,,,,,,,,,,,,,,,,,,,,,1530,1510,1660,1940,2500,2830,3330,3570,3730,3850,4400,4420,4510,4650,4850,4760,4930,5150,5250,4990,5010,5370,6000,6230,7260,7500,8090,8020,8170,8820,8850,8790,8840,8740,9430,10060,10720,10950,8560
Latin America & Caribbean,LCN,"GNI per capita, Atlas method (current US$)",NY.GNP.PCAP.CD,,,,,,,488.7357183,503.3286046,538.342226,573.2170773,610.0068995,668.8028093,734.939863,888.9960993,1129.632105,1308.708407,1388.289158,1427.61064,1557.036994,1831.651814,2131.163398,2317.868996,2202.74666,1940.86795,1852.358384,1791.86776,1859.145048,2003.627389,2149.091477,2149.744773,2209.783591,2397.186991,2708.779569,2953.63228,3330.335325,3570.821452,3948.854558,4271.907433,4251.665407,4055.495933,4151.557585,4035.357732,3784.228063,3772.93869,4092.309496,4581.623881,5275.776515,6155.484047,7096.57965,7266.158626,8049.575194,8873.430859,9788.23556,10197.81418,10091.68721,9129.03705,8413.952248,8301.253717,8634.310448,8740.022095,7612.874591
Least developed countries: UN classification,LDC,"GNI per capita, Atlas method (current US$)",NY.GNP.PCAP.CD,,,,,,,,,,,,,,,,,,,,,,,,,,214.0850973,240.7806322,278.9986256,294.8768423,297.3092146,286.7579034,296.5270881,284.8292753,275.0256565,253.8334094,264.1481433,273.4526501,288.2490334,286.9288204,288.8466856,299.5078655,306.33605,318.0254894,341.6338715,392.4227546,445.8572764,497.5005993,568.7314189,659.9749934,719.2551883,769.4900091,819.6774953,889.5392291,962.7906988,1009.068968,1000.197187,985.2411603,994.0269359,1045.59208,1090.327296,1062.446119
Low income,LIC,"GNI per capita, Atlas method (current US$)",NY.GNP.PCAP.CD,,,,,,,,,,,,,,,,,,,,,,,,,,,,,,,,,489.5648061,460.8124182,401.1034156,402.1343263,404.7090743,415.1109618,403.5688205,398.4266296,403.3821204,421.9648155,444.4516306,481.5199393,550.2819857,616.4515255,693.5258329,793.3963353,911.435969,997.4364839,1055.559616,826.5202337,713.3452079,685.2665759,705.0680895,686.9847329,662.9443521,649.3921955,659.1108417,683.2066421,668.8154235
Liechtenstein,LIE,"GNI per capita, Atlas method (current US$)",NY.GNP.PCAP.CD,,,,,,,,,,,,,5120,6500,8210,10150,11190,12370,14760,18510,22610,22620,20320,18770,19020,19730,22870,31170,41490,43620,45470,47570,54350,56680,62010,70050,78570,80150,77660,78660,78870,68260,65050,68450,78700,92710,104050,112190,121900,116440,,,,,,,,,,,
Sri Lanka,LKA,"GNI per capita, Atlas method (current US$)",NY.GNP.PCAP.CD,,,,130,130,130,150,170,160,170,170,170,180,210,250,270,260,260,240,260,280,300,310,310,330,370,410,430,460,440,460,490,550,600,640,690,740,800,820,840,870,830,840,940,1060,1210,1360,1550,1790,2010,2410,2850,3360,3490,3640,3760,3810,3870,4040,4010,3720
Lower middle income,LMC,"GNI per capita, Atlas method (current US$)",NY.GNP.PCAP.CD,,,,,,,,112.8653383,113.9942669,123.4122715,133.1956856,139.6007108,150.0297008,174.6819165,218.0482774,260.7004053,286.1237295,300.5625262,326.0189306,368.5387247,423.1466614,471.8342804,504.0916223,502.6609333,479.0372091,486.5563091,506.1758849,534.479937,549.1711383,527.4118015,522.380953,523.6627762,525.9030194,507.8807968,507.057327,543.4861153,594.2279508,617.0524728,578.6481841,581.5929714,588.3349665,611.0802857,626.3233624,691.4408807,802.1216941,917.4184957,1038.45106,1206.459187,1385.380415,1508.074203,1654.459999,1821.138744,2021.049479,2126.067374,2164.369111,2126.866619,2135.444729,2177.931276,2292.285014,2361.985761,2217.141241
Low & middle income,LMY,"GNI per capita, Atlas method (current US$)",NY.GNP.PCAP.CD,,,,143.432558,157.5441288,171.3776165,179.3235416,179.7484012,184.3911185,200.6645681,217.2869711,229.672427,247.6132354,295.6329342,366.6727532,433.9421649,456.1943434,474.7519904,510.3542453,585.7730625,668.495825,721.9023304,718.5194526,679.2514236,665.3102091,673.4165762,706.6066396,763.3217417,807.192508,799.9818544,830.2676891,833.743296,873.6378429,897.5390221,938.2898233,1001.212116,1098.163682,1167.73892,1128.49898,1109.40706,1146.729467,1155.268818,1174.810371,1277.298566,1485.159485,1726.299786,2000.710396,2363.214314,2780.536973,2991.027618,3329.793514,3678.416511,4149.973016,4486.926724,4629.993936,4511.789013,4418.700349,4495.398209,4801.583436,5036.261298,4843.267215
Lesotho,LSO,"GNI per capita, Atlas method (current US$)",NY.GNP.PCAP.CD,,,,,,,80,80,80,80,90,90,100,150,220,230,280,310,340,400,440,510,610,540,490,410,390,420,500,520,550,580,650,660,680,690,700,690,620,610,580,640,590,670,810,1020,1130,1300,1290,1190,1270,1360,1500,1460,1350,1310,1270,1190,1230,1290,1100
Late-demographic dividend,LTE,"GNI per capita, Atlas method (current US$)",NY.GNP.PCAP.CD,,,,,,,200.8216248,198.015982,202.52822,224.6938665,250.1191929,266.7148288,291.8023881,352.2643805,424.121188,486.509791,500.3135758,533.8832634,582.0960785,670.7843559,747.4395833,769.9758521,750.3246439,699.1215104,715.8197333,734.1264,798.3257896,875.9851587,962.4629974,995.3752872,1004.406932,1061.981736,1085.272044,1110.859253,1185.022922,1349.782627,1555.408616,1703.047003,1650.59184,1587.852381,1632.059853,1642.945848,1720.042338,1915.183353,2273.34646,2688.240223,3188.090805,3873.66773,4697.649893,5131.412977,5764.332581,6494.866453,7457.604998,8250.40528,8652.521776,8475.301213,8316.399432,8520.87033,9312.316915,9980.529126,9860.563951
Lithuania,LTU,"GNI per capita, Atlas method (current US$)",NY.GNP.PCAP.CD,,,,,,,,,,,,,,,,,,,,,,,,,,,,,,,,,,,,,,2600,2860,2980,3210,3450,3820,4700,6010,7560,8800,10600,12680,12460,12570,13320,14100,15340,16070,15180,14890,15270,17450,19050,19620
Luxembourg,LUX,"GNI per capita, Atlas method (current US$)",NY.GNP.PCAP.CD,,,1630,1680,1870,1920,2020,2070,2240,2560,3220,3440,4050,5200,6850,7890,8470,9030,10600,12870,15390,15400,14850,13410,12990,13050,15520,19980,25870,28540,31330,35170,38990,40050,41330,45760,48560,49360,46350,46520,45650,44950,42400,45930,62490,73070,71300,85660,85830,70430,77410,79040,87890,85120,86710,73480,73670,75710,79440,77040,80860
Latvia,LVA,"GNI per capita, Atlas method (current US$)",NY.GNP.PCAP.CD,,,,,,,,,,,,,,,,,,,,,,,,,,,,,,,,,,,,,,2720,2870,2990,3320,3600,3940,4670,5830,7390,8930,11230,13530,14120,12650,12740,13800,14850,15330,15100,14790,14850,16530,17790,17880
"Macao SAR, China",MAC,"GNI per capita, Atlas method (current US$)",NY.GNP.PCAP.CD,,,,,,,,,,,,,,,,,,,,,,,,,4770,4600,5220,6510,7490,8080,8980,9990,12570,14310,16030,17430,17490,17330,15700,14640,14720,15760,16290,17840,22220,23950,26190,34150,33780,36100,45260,54490,60790,69510,72140,62080,63700,69960,76480,75690,
St. Martin (French part),MAF,"GNI per capita, Atlas method (current US$)",NY.GNP.PCAP.CD,,,,,,,,,,,,,,,,,,,,,,,,,,,,,,,,,,,,,,,,,,,,,,,,,,,,,,,,,,,,,
Morocco,MAR,"GNI per capita, Atlas method (current US$)",NY.GNP.PCAP.CD,,,,,,,,,220,240,250,270,290,350,440,540,580,600,650,780,980,960,940,790,730,680,770,860,1080,1110,1160,1240,1270,1230,1350,1300,1510,1460,1460,1410,1390,1400,1370,1540,1830,2070,2240,2380,2700,2880,2930,3000,2980,3090,3060,3020,2880,2880,3090,3200,3020
Monaco,MCO,"GNI per capita, Atlas method (current US$)",NY.GNP.PCAP.CD,,,,,,,,,,,,,,,,,,,,,,,,,,,,,,,,,,,,,,,,,,,,,,,,,,,,,,,,,,,,,
Moldova,MDA,"GNI per capita, Atlas method (current US$)",NY.GNP.PCAP.CD,,,,,,,,,,,,,,,,,,,,,,,,,,,,,,,,,,,,,,630,580,510,490,500,590,710,910,1120,1280,1440,1870,1950,2380,2730,3140,3620,3740,3300,3180,3330,3920,4580,4560
Madagascar,MDG,"GNI per capita, Atlas method (current US$)",NY.GNP.PCAP.CD,,,130,130,140,140,150,160,170,170,180,180,190,210,260,310,300,310,310,390,500,510,520,480,430,400,400,370,340,300,310,280,290,290,290,280,300,300,300,280,290,300,280,340,340,340,330,380,450,470,470,480,500,520,520,490,470,470,500,520,470
Maldives,MDV,"GNI per capita, Atlas method (current US$)",NY.GNP.PCAP.CD,,,,,,,,,,,,,,,,,,,,,,,,,,,,,,,,,,,,,,1760,1860,1980,2070,2240,2620,3400,3770,3460,4540,4480,5420,5460,5960,6590,6630,6800,7320,7650,8070,8600,9210,9640,6490
Middle East & North Africa,MEA,"GNI per capita, Atlas method (current US$)",NY.GNP.PCAP.CD,,,,,,,,,,,,,,,,,,,,,,,,,,,,,,,,,,,,2477.29326,2709.208641,2880.326741,2897.334188,2895.707419,3061.306157,3166.176811,3133.306001,3358.50824,3856.860509,4382.409356,5015.376544,5768.407994,6712.251776,6961.771415,7405.118173,7534.322674,8294.498546,8694.382325,8657.664479,7984.332403,7593.104314,7185.145828,7331.426506,7471.425673,6892.182778
Mexico,MEX,"GNI per capita, Atlas method (current US$)",NY.GNP.PCAP.CD,,,360,390,440,480,510,560,610,640,680,730,820,990,1210,1460,1540,1480,1590,1890,2560,3270,3000,2400,2200,2270,2080,2040,2090,2370,2790,3250,3770,4490,5310,4790,4620,4660,5000,5510,6210,6740,7100,7360,7820,8050,8690,9250,9780,8820,9040,9310,10050,10270,10500,10160,9390,8920,9180,9470,8480
Marshall Islands,MHL,"GNI per capita, Atlas method (current US$)",NY.GNP.PCAP.CD,,,,,,,,,,,,,,,,,,,,,,,,,,,,,,,,,,,,3070,2690,2590,2690,2830,2960,3110,3100,3130,3280,3440,3310,3450,3280,3470,3550,3570,3470,3880,4040,4290,4250,4440,4840,5050,4940
Middle income,MIC,"GNI per capita, Atlas method (current US$)",NY.GNP.PCAP.CD,,,135.9988369,146.6786486,161.4492785,175.7786778,184.0543791,184.4269242,189.2099743,206.1519399,223.3729426,236.1785861,254.7810617,304.4402693,377.6625298,446.8198239,469.7059979,488.6808552,525.7327662,603.7017214,689.4804189,745.3218655,742.4903982,702.5749786,689.0577708,697.6811073,730.6563983,787.2026592,832.7721043,826.2804225,860.4715938,865.7276646,909.5227115,936.4389953,982.4152955,1050.09566,1154.039451,1228.683675,1188.250138,1169.077416,1209.852322,1218.67838,1239.168728,1348.598455,1570.264541,1828.826176,2123.334214,2512.75864,2961.396007,3187.312104,3556.740072,3964.220945,4497.813754,4876.42147,5037.606606,4914.605545,4819.903465,4912.136766,5257.170261,5522.640711,5317.676792
North Macedonia,MKD,"GNI per capita, Atlas method (current US$)",NY.GNP.PCAP.CD,,,,,,,,,,,,,,,,,,,,,,,,,,,,,,,,,1750,1460,1400,1790,2190,2220,2010,1910,1920,1820,1850,2110,2590,3020,3350,3620,4370,4650,4740,4840,4770,5030,5220,5130,5000,4940,5500,5890,5750
Mali,MLI,"GNI per capita, Atlas method (current US$)",NY.GNP.PCAP.CD,,,,,,,,,,60,60,70,80,90,100,120,140,160,170,220,250,240,200,170,160,180,200,240,290,290,290,320,330,320,280,270,270,280,280,290,280,300,290,350,400,460,500,530,610,660,700,730,730,780,810,800,780,770,830,870,830
Malta,MLT,"GNI per capita, Atlas method (current US$)",NY.GNP.PCAP.CD,,,,,,,,,,,,,1090,1260,1560,1990,2120,2320,2660,3300,4280,4670,4550,3940,3830,3690,4000,4930,6260,6910,7600,7940,8720,8570,8600,9250,10010,10530,10260,10710,11400,10950,10710,12170,14100,15660,16350,17580,20410,20310,21370,22120,22160,23370,24560,25230,23590,24140,27090,28340,25370
Myanmar,MMR,"GNI per capita, Atlas method (current US$)",NY.GNP.PCAP.CD,,,,30,30,20,20,10,10,20,20,20,20,20,30,40,40,40,30,30,30,30,30,30,40,30,40,40,40,40,40,40,50,60,70,90,120,130,120,120,130,140,130,150,170,200,230,270,350,460,620,800,990,1160,1210,1170,1200,1180,1220,1270,1350
Middle East & North Africa (excluding high income),MNA,"GNI per capita, Atlas method (current US$)",NY.GNP.PCAP.CD,,,,,,,,,,,,,,,,,,,,,,,,,,,,,,,,,,,,1270.962093,1456.699955,1583.786274,1637.731812,1693.273871,1773.821913,1826.891349,1809.879276,1891.385636,2145.051088,2420.269776,2756.547687,3223.127756,3794.36502,4167.084403,4522.580246,4279.932059,4565.983186,4625.61051,4482.299045,4039.429279,3957.273191,3730.338048,3572.583459,3462.47847,3096.370136
Montenegro,MNE,"GNI per capita, Atlas method (current US$)",NY.GNP.PCAP.CD,,,,,,,,,,,,,,,,,,,,,,,,,,,,,,,,,,,,,,,,,,,1970,2440,3100,3660,4320,5120,6470,6740,6920,7260,7000,7330,7320,7250,7090,7400,8430,9130,7900
Mongolia,MNG,"GNI per capita, Atlas method (current US$)",NY.GNP.PCAP.CD,,,,,,,,,,,,,,,,,,,,,,,,1440,1320,1230,1350,1520,1690,1590,1430,1200,810,510,430,460,550,580,520,480,470,480,530,610,760,900,1120,1410,1800,1790,2000,2590,3650,4330,4210,3800,3490,3240,3690,3850,3740
Northern Mariana Islands,MNP,"GNI per capita, Atlas method (current US$)",NY.GNP.PCAP.CD,,,,,,,,,,,,,,,,,,,,,,,,,,,,,,,,,,,,,,,,,,,,,,,,,,,,,,,,,,,,,
Mozambique,MOZ,"GNI per capita, Atlas method (current US$)",NY.GNP.PCAP.CD,,,,,,,,,,,,,,,,,,,,,,,,,,,,,,,,,,210,190,190,210,250,290,330,320,320,290,320,360,400,420,460,500,540,520,540,600,670,690,640,530,470,460,490,460
Mauritania,MRT,"GNI per capita, Atlas method (current US$)",NY.GNP.PCAP.CD,,,,180,230,260,260,270,290,280,290,280,290,340,480,510,540,550,570,640,710,720,670,640,610,580,610,670,740,760,730,810,920,970,870,900,970,870,830,820,730,650,650,710,800,940,1140,1220,1380,1450,1500,1600,1760,1850,1750,1640,1510,1530,1640,1720,1670
Mauritius,MUS,"GNI per capita, Atlas method (current US$)",NY.GNP.PCAP.CD,,,,,,,,,,,,,,,,,,,1010,1220,1240,1280,1190,1070,1030,1060,1250,1620,2060,2220,2430,2620,2990,3120,3230,3470,3780,3900,3780,3660,3900,3970,3960,4410,5170,5600,5930,6490,7400,7800,8080,8400,9550,10520,10820,10700,10640,10980,12270,12890,10230
Malawi,MWI,"GNI per capita, Atlas method (current US$)",NY.GNP.PCAP.CD,,,50,50,50,50,60,60,60,60,60,70,80,90,110,130,130,130,150,170,190,190,180,170,170,160,150,150,160,160,180,210,200,220,160,160,170,200,200,180,160,140,170,220,300,300,310,330,370,410,450,490,460,410,370,350,340,370,430,550,580
Malaysia,MYS,"GNI per capita, Atlas method (current US$)",NY.GNP.PCAP.CD,,,240,250,270,300,320,330,340,350,370,390,440,570,750,860,920,970,1130,1450,1790,1930,1860,1810,1950,1920,1860,1960,2140,2260,2400,2560,2880,3230,3600,4050,4500,4620,3640,3380,3460,3550,3790,4160,4740,5270,5840,6630,7510,7600,8260,9050,10180,10840,11140,10680,10150,9950,10650,11260,10570
North America,NAC,"GNI per capita, Atlas method (current US$)",NY.GNP.PCAP.CD,,,3189.391841,3317.425398,3503.426098,3762.63503,4066.786621,4235.245727,4594.909915,4911.483028,5063.428791,5434.191342,6066.897743,7043.369467,7711.497198,8213.9767,8648.617671,9256.556089,10385.37579,11773.61469,12913.0085,13853.15946,13709.85015,14045.98198,15624.46594,16835.75554,18419.71169,20615.63533,22630.71459,22875.59775,23149.45515,23355.70249,24713.56747,25400.25387,26624.42665,27959.60761,29149.24781,30110.34445,30855.6522,32453.79747,34661.7517,35384.66795,35968.91013,38420.67399,42193.45011,45073.87517,46945.47112,47993.84603,48763.16799,47382.03288,48687.29848,50295.41868,52616.5579,53872.35625,55450.94926,55739.27167,55805.20601,57600.92928,61624.42373,63981.78198,62371.73991
Namibia,NAM,"GNI per capita, Atlas method (current US$)",NY.GNP.PCAP.CD,,,,,,,,,,,,,,,,,,,,,,,1980,1840,1670,1320,1340,1600,1690,1850,1990,2150,2300,2200,2270,2460,2510,2500,2370,2240,2240,2090,2010,2280,2900,3530,4030,4230,4320,4250,4500,5130,5730,5950,5790,5310,4740,4620,4920,5160,4500
New Caledonia,NCL,"GNI per capita, Atlas method (current US$)",NY.GNP.PCAP.CD,,,,,,,,1830,2160,2520,3220,3420,3780,4000,5280,6400,6440,6580,6980,6900,7980,7940,7160,5920,5480,5510,6170,8070,13270,14540,14760,15200,16070,15880,16320,17720,18240,17810,14520,13650,13210,,,,,,,,,,,,,,,,,,,,
Niger,NER,"GNI per capita, Atlas method (current US$)",NY.GNP.PCAP.CD,,,150,160,160,170,170,170,160,150,150,160,150,160,210,230,220,230,280,350,410,390,360,290,210,220,250,270,330,320,340,360,420,390,300,260,240,240,250,240,220,220,220,250,280,330,360,380,440,480,520,520,550,570,590,560,530,520,570,590,550
Nigeria,NGA,"GNI per capita, Atlas method (current US$)",NY.GNP.PCAP.CD,,,100,110,110,110,110,100,100,120,170,180,200,220,340,400,510,560,560,640,760,970,1260,1450,1130,970,790,710,680,550,560,510,510,360,310,310,390,440,440,460,470,530,630,710,870,1030,1350,1610,1970,2050,2150,2180,2440,2690,2940,2820,2430,2090,1960,2030,2000
Nicaragua,NIC,"GNI per capita, Atlas method (current US$)",NY.GNP.PCAP.CD,,,140,150,160,200,230,290,290,310,310,320,330,380,510,570,600,680,650,500,600,660,680,680,700,690,750,860,680,360,310,220,240,290,450,610,880,880,880,930,960,970,960,1000,1080,1160,1200,1290,1390,1380,1460,1570,1670,1740,1830,1890,1960,2030,1970,1900,1850
Netherlands,NLD,"GNI per capita, Atlas method (current US$)",NY.GNP.PCAP.CD,,,1220,1310,1460,1700,1840,2000,2230,2550,2890,3290,3850,5070,6370,7630,8350,9100,10460,12760,14830,14000,12350,11070,10730,10330,11690,14720,18570,19540,20320,21280,23520,24040,25370,27690,29750,29800,28260,28670,28810,27390,27020,30950,37280,42050,45910,49110,52670,53670,53910,54480,52940,52950,51980,49820,46900,47110,51250,53180,51060
Norway,NOR,"GNI per capita, Atlas method (current US$)",NY.GNP.PCAP.CD,,,1610,1710,1860,2050,2240,2470,2630,2850,3120,3570,4230,5320,6750,8380,9150,9960,11110,13110,15650,16410,15750,14930,15140,15710,17550,20830,23970,25080,26500,27820,30780,30210,30850,32690,35790,37910,36100,35540,36540,38220,39890,44750,54140,63830,70020,78470,87470,87830,88490,90330,99110,104190,104370,92910,81370,75650,80320,81640,78290
Nepal,NPL,"GNI per capita, Atlas method (current US$)",NY.GNP.PCAP.CD,,,50,50,50,50,70,80,70,70,70,70,80,80,100,110,120,120,120,130,140,160,150,140,160,160,170,180,200,210,210,210,200,190,200,200,210,220,210,220,230,240,240,260,280,310,340,370,430,480,540,630,770,860,880,890,880,990,1120,1230,1190
Nauru,NRU,"GNI per capita, Atlas method (current US$)",NY.GNP.PCAP.CD,,,,,,,,,,,,,,,,,,,,,,,,,,,,,,,,,,,,,,,,,,,,,,,,,,,,,8870,13000,14920,13690,12720,12340,14290,16620,15990
New Zealand,NZL,"GNI per capita, Atlas method (current US$)",NY.GNP.PCAP.CD,,,,,,,,,,,,,,,,,,,,6530,7670,8240,7860,7370,7010,6950,7860,10010,12550,13570,13640,12160,12050,12360,13400,15280,16730,17160,15790,15040,14080,13810,14170,16960,21500,25440,26400,28150,28630,29690,29680,32230,36700,39930,41680,40650,39440,38910,41680,42870,41550
OECD members,OED,"GNI per capita, Atlas method (current US$)",NY.GNP.PCAP.CD,,,1446.153145,1531.637437,1646.127205,1781.699475,1938.44549,2057.741011,2251.115361,2444.462049,2587.444425,2811.670913,3212.335575,3917.991888,4566.100344,5099.731174,5377.028778,5751.883087,6563.455675,7864.485176,9071.222324,9433.947426,8957.796786,8554.07337,8843.907832,9254.530237,10402.26625,12464.71239,15140.9812,15930.58204,16665.14752,17317.19859,18794.85551,19269.96824,20291.96492,21608.79042,22639.75203,22713.20405,21888.91741,22163.03146,23130.60936,23100.49591,22958.8065,24693.55094,28139.67675,30975.76301,32493.2862,33752.00306,35155.802,34498.892,35440.21108,36582.37341,37726.95574,38367.98328,38462.85729,37335.97399,36457.15887,36629.29475,39037.21823,40269.15309,38598.40412
Oman,OMN,"GNI per capita, Atlas method (current US$)",NY.GNP.PCAP.CD,,,,,,,,160,230,280,320,330,360,310,700,1510,2770,2720,2650,3070,3960,5480,6210,6160,6320,6560,5930,5390,5210,5660,5710,6040,6510,6280,6160,6270,6470,6810,6530,6370,7070,7830,8000,8290,9410,10690,12660,14560,17430,17740,16080,18620,22270,23340,21920,20160,18190,16130,16370,16430,15030
Other small states,OSS,"GNI per capita, Atlas method (current US$)",NY.GNP.PCAP.CD,,,,,,,,,,,,,,,,,,,,,,,,,,,,,,,,,,,,,,,,,,,4213.377188,4713.563825,5714.585516,6865.725489,8308.341702,9776.255407,11188.3622,11032.82389,11524.02302,12474.83427,13798.68683,14879.64722,15113.29617,14098.77488,12990.67883,12280.70982,13032.61522,13613.90911,12379.45388
Pakistan,PAK,"GNI per capita, Atlas method (current US$)",NY.GNP.PCAP.CD,,,90,100,100,110,120,130,150,160,170,180,170,150,150,160,180,200,240,270,320,350,360,350,350,340,360,370,400,400,400,400,430,440,440,470,480,470,450,440,480,510,530,570,660,740,800,860,920,950,970,1030,1120,1210,1230,1260,1310,1400,1480,1410,1270
Panama,PAN,"GNI per capita, Atlas method (current US$)",NY.GNP.PCAP.CD,,,490,530,550,590,630,670,710,770,810,890,960,1090,1220,1370,1350,1550,1790,2020,2260,2470,2630,2540,2570,2840,2910,3260,2750,2560,2640,2730,3010,3240,3410,3410,3570,3610,3680,3750,3880,3830,3940,4040,4460,4790,5100,5770,6540,6900,7260,8550,9540,10630,11190,12200,12780,13750,14490,14920,12420
Peru,PER,"GNI per capita, Atlas method (current US$)",NY.GNP.PCAP.CD,,,290,300,340,380,450,490,470,480,500,560,630,740,930,1080,1070,1020,870,910,1020,1170,1130,920,890,840,840,950,790,790,840,1220,1420,1550,1760,1950,2150,2280,2150,2030,1970,1900,1960,2080,2280,2540,2810,3210,3790,3970,4410,4970,5790,6420,6530,6340,6110,6060,6470,6790,6030
Philippines,PHL,"GNI per capita, Atlas method (current US$)",NY.GNP.PCAP.CD,,,250,220,190,210,220,230,250,270,250,250,250,300,360,430,480,510,570,670,790,850,840,770,660,590,620,690,750,800,830,830,880,930,1050,1160,1320,1390,1310,1250,1180,1170,1130,1170,1290,1380,1490,1720,2010,2170,2370,2520,2860,3160,3330,3380,3450,3530,3710,3850,3430
Palau,PLW,"GNI per capita, Atlas method (current US$)",NY.GNP.PCAP.CD,,,,,,,,,,,,,,,,,,,,,,,,,,,,,,,,,,,,,,,,,,,9200,8810,9420,10350,10830,11780,11800,11090,11400,12270,12760,12870,14150,15860,16720,16540,17380,16710,14390
Papua New Guinea,PNG,"GNI per capita, Atlas method (current US$)",NY.GNP.PCAP.CD,,,110,120,120,140,150,160,180,200,220,240,270,350,440,490,470,470,570,640,710,720,650,610,600,610,640,690,790,800,740,790,840,980,1030,950,930,850,720,630,570,510,480,470,540,650,790,1070,1400,1510,1740,1820,2270,2500,2990,2860,2710,2590,2600,2720,2720
Poland,POL,"GNI per capita, Atlas method (current US$)",NY.GNP.PCAP.CD,,,,,,,,,,,,,,,,,,,,,,,,,,,,,,,,,2080,2480,2760,3250,3840,4240,4360,4440,4670,4710,4900,5500,6250,7340,8460,9940,11980,12500,12740,12890,13160,13390,13560,13310,12720,12730,14150,15360,15240
Pre-demographic dividend,PRE,"GNI per capita, Atlas method (current US$)",NY.GNP.PCAP.CD,,,,,,,,,,,,,,,,,,,,,606.3605683,649.1052449,688.3549226,676.2252696,587.0275908,558.9546713,553.5137394,592.4238117,611.9455728,578.3540522,703.7766799,391.5754932,377.3273003,325.3564226,293.2733863,302.3730869,326.7880634,370.8227715,379.5937419,398.5687593,415.3440823,436.0934152,457.649741,475.2097544,585.9509407,677.7686286,819.4627545,972.0393066,1185.777884,1260.800756,1321.977749,1368.250227,1527.573032,1660.159503,1736.094829,1653.734202,1498.312054,1362.945573,1373.772422,1435.17022,1336.102851
Puerto Rico,PRI,"GNI per capita, Atlas method (current US$)",NY.GNP.PCAP.CD,,,820,900,960,1060,1160,1240,1370,1560,1750,1910,2100,2380,2590,2660,2650,2740,2980,3390,3720,3890,3770,3670,3970,4280,4750,5350,5860,6050,5950,6300,6760,7100,7370,7820,8130,8510,8690,9590,10550,10950,11250,12170,14260,14750,15030,15860,16360,16580,16920,17670,18680,19170,19280,19420,19710,20000,21080,22060,21740
"Korea, Dem. People's Rep.",PRK,"GNI per capita, Atlas method (current US$)",NY.GNP.PCAP.CD,,,,,,,,,,,,,,,,,,,,,,,,,,,,,,,,,,,,,,,,,,,,,,,,,,,,,,,,,,,,,
Portugal,PRT,"GNI per capita, Atlas method (current US$)",NY.GNP.PCAP.CD,,,410,430,470,520,570,640,730,790,950,1070,1270,1700,2070,2210,2330,2430,2530,2870,3350,3420,3230,2830,2520,2530,3080,4160,5630,6320,7130,8180,9860,10100,10450,11210,12100,12370,12190,12260,12170,11830,11750,13260,16140,18580,19390,20850,22590,22920,22960,22720,21150,21370,21190,20440,19930,20040,22030,23170,21790
Paraguay,PRY,"GNI per capita, Atlas method (current US$)",NY.GNP.PCAP.CD,,,,,,,,,,,,,,,,,,,,,,,,,,,,,,,,,,,,1680,1840,1840,1730,1600,1440,1410,1330,1230,1350,1520,1840,2320,3080,3450,4070,4480,4750,5510,5810,5640,5400,5370,5600,5510,5180
West Bank and Gaza,PSE,"GNI per capita, Atlas method (current US$)",NY.GNP.PCAP.CD,,,,,,,,,,,,,,,,,,,,,,,,,,,,,,,,,,,,,1470,1630,1780,1800,1550,1370,1190,1370,1640,1780,1710,1790,2040,2250,2510,2880,3210,3470,3560,3670,3900,3930,4190,4270,3710
Pacific island small states,PSS,"GNI per capita, Atlas method (current US$)",NY.GNP.PCAP.CD,,,,,,,,,,,,,,,,,,,,,,,1463.480254,1314.862602,1353.507136,1292.541222,1408.548407,1399.204853,1436.572717,1449.422021,1477.577323,1482.225947,1644.099818,1718.891298,1851.702689,2046.742048,2180.885782,2135.496936,1983.872956,1987.713188,1892.020391,1827.905434,1791.21683,1921.916894,2255.521689,2577.389689,2652.745218,2809.40968,2978.29883,2945.341644,2943.98442,3104.648635,3350.436359,3729.95054,3874.216226,3904.12802,3941.323544,4000.039427,4289.382446,4353.675487,3914.99375
Post-demographic dividend,PST,"GNI per capita, Atlas method (current US$)",NY.GNP.PCAP.CD,,,1516.959277,1608.60794,1730.726808,1877.154043,2046.172685,2176.963986,2385.390087,2597.571596,2755.53144,3002.453469,3442.03739,4210.723957,4907.929915,5489.257905,5798.953456,6227.926081,7128.798221,8555.096622,9865.972344,10237.08935,9769.070954,9398.217122,9777.653799,10263.55132,11609.11335,13982.54767,17068.09909,17978.9489,18789.4905,19555.84072,21210.85992,21700.91669,22835.87965,24402.84906,25624.80529,25735.47881,24750.40891,25072.43927,26134.20589,26148.93578,25994.4785,28036.57748,32007.63154,35243.03182,36930.84302,38305.68095,39857.07637,39208.71998,40338.39371,41688.30501,42973.19677,43717.02492,43842.7757,42620.19657,41816.25925,42222.34549,45177.46705,46744.97607,44973.66814
French Polynesia,PYF,"GNI per capita, Atlas method (current US$)",NY.GNP.PCAP.CD,,,,,,,,2090,2520,2430,2400,2640,2660,3320,4580,5100,5590,5890,6760,7980,9140,9600,9130,8190,8030,8340,10250,13000,15360,14940,15270,16030,17260,17400,17470,17920,17780,17250,16660,16170,15770,,,,,,,,,,,,,,,,,,,,
Qatar,QAT,"GNI per capita, Atlas method (current US$)",NY.GNP.PCAP.CD,,,,,,,,,,,,,,,,,,,,,,,,,,,,,,,,,,,,,,,,,,,28400,30680,36160,38260,50810,58030,65580,61250,63620,66950,72880,79390,80890,73440,64550,56920,58830,61210,55990
Romania,ROU,"GNI per capita, Atlas method (current US$)",NY.GNP.PCAP.CD,,,,,,,,,,,,,,,,,,,,,,,,,,,,,,,,,1250,1190,1270,1490,1640,1590,1580,1610,1710,1760,1950,2250,2960,3880,4900,6390,8800,9220,8640,8650,8760,9320,9700,9600,9620,10110,11430,12620,12580
Russian Federation,RUS,"GNI per capita, Atlas method (current US$)",NY.GNP.PCAP.CD,,,,,,,,,,,,,,,,,,,,,,,,,,,,,,,,3440,3090,2920,2650,2640,2600,2650,2130,1750,1710,1780,2100,2590,3410,4450,5810,7560,9580,9230,9980,11060,13490,15190,14630,11780,9730,9210,10250,11250,10690
Rwanda,RWA,"GNI per capita, Atlas method (current US$)",NY.GNP.PCAP.CD,,,40,40,40,40,40,50,50,50,60,60,60,70,80,100,130,160,180,230,270,280,270,260,250,260,290,320,350,350,350,320,340,310,150,210,220,260,260,280,280,270,260,250,270,320,360,410,490,550,600,650,700,720,740,750,740,730,780,830,780
South Asia,SAS,"GNI per capita, Atlas method (current US$)",NY.GNP.PCAP.CD,,,86.67007333,93.94338258,104.5573201,109.3364173,105.3867012,106.5779551,103.9893741,111.3508487,117.9768027,121.910236,125.7760168,141.9904439,164.5313427,187.6632495,181.7408344,184.7023146,203.5325518,222.2435622,267.0370635,293.2105749,287.2689077,281.2271145,279.3328431,288.9452084,308.4952764,343.5478911,381.4905657,378.8994634,375.4332216,347.96957,349.6992977,335.4132921,349.2870977,374.6799004,406.156498,414.1441477,415.4534237,435.8302326,445.1181333,454.6641788,461.4236119,513.9346402,599.6635202,688.3237958,762.1352639,871.0119294,949.1916181,1053.015501,1147.126143,1277.129537,1390.209749,1437.08943,1480.672585,1525.617811,1603.348427,1733.685926,1904.449483,1996.160367,1834.913463
Saudi Arabia,SAU,"GNI per capita, Atlas method (current US$)",NY.GNP.PCAP.CD,,,,,,,,,,,930,1000,1150,1600,3160,4500,8020,8770,8890,11170,14270,16530,13970,11320,10130,9010,9140,7700,7630,7080,7390,8310,8500,8050,7720,7810,8030,8230,8010,7650,8150,8520,8370,9480,11040,12650,14160,15800,18460,17900,18750,20880,24040,25440,25550,23710,21610,19990,21610,22840,21930
Sudan,SDN,"GNI per capita, Atlas method (current US$)",NY.GNP.PCAP.CD,,,140,140,140,140,140,140,150,160,170,180,190,220,290,380,440,480,460,490,480,500,470,430,380,390,540,790,780,720,530,450,340,310,320,400,400,380,340,330,340,370,430,520,620,760,930,1170,1370,1340,1260,1280,1140,1080,1150,1220,1180,1050,840,690,530
Senegal,SEN,"GNI per capita, Atlas method (current US$)",NY.GNP.PCAP.CD,,,,,,,,,340,310,320,320,350,370,450,560,600,590,580,720,840,840,770,600,560,560,640,830,950,940,920,930,980,930,770,740,700,710,690,690,670,650,620,730,870,990,1030,1100,1240,1330,1330,1300,1320,1340,1370,1320,1270,1280,1390,1430,1430
Singapore,SGP,"GNI per capita, Atlas method (current US$)",NY.GNP.PCAP.CD,,,490,530,510,540,590,660,750,850,970,1090,1280,1600,2090,2660,2930,3020,3370,3990,4730,5380,5680,6170,6930,7100,7330,8080,9320,10320,11450,12970,15270,17710,20780,23630,25620,27730,24010,23360,23680,22130,22000,23440,26150,28820,32550,36010,37230,37320,44930,48290,51740,54480,56380,53160,53060,54460,56900,58390,54920
Solomon Islands,SLB,"GNI per capita, Atlas method (current US$)",NY.GNP.PCAP.CD,,,,,,,,,,,,,,,,,,,,,,,760,710,670,610,580,590,600,590,630,660,800,860,1000,1200,1320,1310,1230,1160,980,920,830,860,900,980,1040,1120,1230,1310,1470,1620,1820,2160,2190,2130,2140,2220,2360,2370,2300
Sierra Leone,SLE,"GNI per capita, Atlas method (current US$)",NY.GNP.PCAP.CD,,,,,150,160,150,140,140,150,160,160,170,190,220,250,220,210,240,310,370,360,350,300,290,240,170,180,170,210,190,170,130,160,160,180,210,200,170,150,140,150,200,270,280,290,300,360,420,440,420,430,530,660,700,550,490,520,490,530,510
El Salvador,SLV,"GNI per capita, Atlas method (current US$)",NY.GNP.PCAP.CD,,,,,,,,300,300,300,310,320,350,380,440,480,530,610,710,780,740,740,690,670,690,720,760,820,860,860,900,930,1060,1170,1290,1480,1590,1690,1750,1810,1900,1950,2000,2130,2270,2420,2570,2680,2870,2820,2880,3060,3210,3350,3400,3440,3510,3600,3820,3980,3630
San Marino,SMR,"GNI per capita, Atlas method (current US$)",NY.GNP.PCAP.CD,,,,,,,,,,,,,,,,,,,,,,,,,,,,,,,,,,,,,,,,,,,,,,,,,,,,,,,,,,,,,
Somalia,SOM,"GNI per capita, Atlas method (current US$)",NY.GNP.PCAP.CD,,,70,70,70,70,80,90,90,90,100,100,120,140,130,190,180,160,130,110,100,110,110,100,110,120,130,150,150,150,130,,,,,,,,,,,,,,,,,,,,,,,,,400,400,380,400,420,420
Serbia,SRB,"GNI per capita, Atlas method (current US$)",NY.GNP.PCAP.CD,,,,,,,,,,,,,,,,,,,,,,,,,,,,,,,,,,,,,,2990,2990,2610,1610,1540,1520,2390,3250,3830,4200,4830,6030,6450,6220,6190,6080,6460,6240,5960,5700,5570,6410,7040,7420
Sub-Saharan Africa (excluding high income),SSA,"GNI per capita, Atlas method (current US$)",NY.GNP.PCAP.CD,,,116.7977602,123.4980593,129.3530591,136.8186357,142.0410488,145.7101345,152.0829683,164.8234866,185.4748355,197.6725907,210.8269646,244.0935378,319.3745464,372.985803,399.9472995,411.3924564,432.8096445,506.4909,604.4295476,695.5376442,730.3950894,718.973534,631.6926824,569.9563917,547.6895495,585.2648299,634.9688394,621.1559848,607.0195514,615.4449307,620.6960206,595.4816319,579.3709345,602.784801,617.0758553,634.2745163,599.3072528,587.6007657,580.4805318,574.1099406,583.1306536,638.269771,776.5534428,951.8786389,1104.310493,1238.253193,1389.806436,1428.135664,1491.946773,1579.257717,1710.07119,1790.904305,1831.003266,1750.156681,1598.033496,1508.945221,1540.721185,1588.372251,1505.574493
South Sudan,SSD,"GNI per capita, Atlas method (current US$)",NY.GNP.PCAP.CD,,,,,,,,,,,,,,,,,,,,,,,,,,,,,,,,,,,,,,,,,,,,,,,,,,,,810,850,1160,1250,1090,,,,,
Sub-Saharan Africa,SSF,"GNI per capita, Atlas method (current US$)",NY.GNP.PCAP.CD,,,116.825778,123.5291247,129.3858279,136.848677,142.07773,145.7429411,152.1137372,164.8474245,185.4964518,197.702978,210.8685021,244.1541653,319.4442007,373.0597283,400.0217756,411.4552948,432.9220686,506.6911677,604.6663074,695.7806725,730.6209742,719.1766112,631.9148297,570.2281558,547.9954528,585.6388419,635.4376365,621.6983149,607.6200258,616.0586883,621.4014106,596.2404504,580.1526264,603.5443412,617.860128,635.1209485,600.1509648,588.4371794,581.302887,574.9153227,583.8825004,639.061777,777.5069115,952.9960344,1105.561278,1239.429395,1390.842917,1429.044459,1492.848185,1580.137147,1711.016548,1791.944583,1832.088734,1751.308017,1599.166636,1510.114425,1541.996242,1589.624876,1506.501394
Small states,SST,"GNI per capita, Atlas method (current US$)",NY.GNP.PCAP.CD,,,,,,,,,,,,,,,,,,,,,,,,,,,,,,,,,,,,,,,,,,,4271.290502,4738.314418,5615.295182,6585.328135,7793.69292,9025.353731,10263.02968,10083.92346,10478.77211,11173.37417,12316.03156,13233.20442,13429.9508,12679.75035,11767.99623,11234.29349,11884.38042,12405.61961,11246.34527
Sao Tome and Principe,STP,"GNI per capita, Atlas method (current US$)",NY.GNP.PCAP.CD,,,,,,,,,,,,,,,,,,,,,,,,,,,,,,,,,,,,,,,,,,,,600,700,820,940,960,1020,1060,1130,1180,1230,1430,1630,1650,1690,1700,1870,1950,2060
Suriname,SUR,"GNI per capita, Atlas method (current US$)",NY.GNP.PCAP.CD,,,270,230,250,370,450,510,520,530,570,610,690,770,980,1320,1420,1640,1930,2170,2290,2640,2510,2320,2340,2380,2460,2520,2980,2230,1420,1140,1040,970,1100,1320,1630,1840,2050,1950,1970,1670,1930,2200,2820,3320,4040,5050,6330,6960,7620,7920,8550,8950,9260,8890,6940,5940,5970,6190,4620
Slovak Republic,SVK,"GNI per capita, Atlas method (current US$)",NY.GNP.PCAP.CD,,,,,,,,,,,,,,,,,,,,,,,,,,,,,,,,,,,,4220,5020,5420,5430,5380,5530,5720,6020,6960,9030,11350,12940,14930,17250,17100,17500,17470,17750,18190,18270,17690,16770,16600,18320,19230,18920
Slovenia,SVN,"GNI per capita, Atlas method (current US$)",NY.GNP.PCAP.CD,,,,,,,,,,,,,,,,,,,,,,,,,,,,,,,,,,,,,,11240,11000,11320,11270,10950,10920,12630,15610,18310,19820,21790,24620,24380,24540,24580,23250,23230,23610,22250,21770,22120,24610,25950,25360
Sweden,SWE,"GNI per capita, Atlas method (current US$)",NY.GNP.PCAP.CD,,,2310,2490,2740,2960,3190,3460,3770,4100,4690,4990,5670,7050,8580,10160,10720,11290,12460,14790,17300,17530,15760,13550,13020,13080,15330,19360,24190,26090,27760,29110,31340,28200,27690,28070,30400,31390,31110,31300,31610,29720,29090,32750,39790,45770,49150,52310,55720,52640,54630,56700,59090,61800,61870,58420,54360,53030,55640,56410,54050
Eswatini,SWZ,"GNI per capita, Atlas method (current US$)",NY.GNP.PCAP.CD,,,,,,,,,,,,,300,370,470,,,,,,,,,,,,,,,,1290,1350,1570,1580,1570,1820,1930,1960,1740,1730,1670,1700,1570,1700,2160,3080,3300,3480,3360,3320,3460,3860,4310,4420,4130,3800,3450,3390,3620,3690,3410
Sint Maarten (Dutch part),SXM,"GNI per capita, Atlas method (current US$)",NY.GNP.PCAP.CD,,,,,,,,,,,,,,,,,,,,,,,,,,,,,,,,,,,,,,,,,,,,,,,,,,,,,,27540,28670,29560,30890,28210,27680,,
Seychelles,SYC,"GNI per capita, Atlas method (current US$)",NY.GNP.PCAP.CD,,,290,310,330,320,360,350,350,330,350,410,480,630,770,870,910,870,1170,1760,2110,2300,2290,2190,2220,2490,2740,3200,3970,4540,5030,5200,6000,6390,6530,6460,6740,7330,7320,7290,7290,7310,6850,7490,9280,11140,12580,12280,11180,10230,10220,10570,11540,12700,13350,14020,13840,14320,15750,15790,12200
Syrian Arab Republic,SYR,"GNI per capita, Atlas method (current US$)",NY.GNP.PCAP.CD,,,,,,,,,,,,,,,,,,,,,,,,,,,,,,,,,,,,,,,,,4070,4380,4680,5150,5830,6400,7140,7990,8970,9940,10800,5680,2860,1350,1130,950,830,800,920,1170,
Turks and Caicos Islands,TCA,"GNI per capita, Atlas method (current US$)",NY.GNP.PCAP.CD,,,,,,,,,,,,,,,,,,,,,,,,,,,,,,,,,,,,,,,,,,,,,,,,,,,,,,,23280,25530,27300,26200,28340,30250,
Chad,TCD,"GNI per capita, Atlas method (current US$)",NY.GNP.PCAP.CD,,,110,110,110,120,120,130,130,140,140,140,150,160,190,230,220,230,240,220,240,230,210,190,180,210,210,210,270,270,270,290,330,240,220,210,200,210,220,200,180,190,200,210,340,470,530,630,700,830,910,890,960,970,980,880,730,640,680,700,630
East Asia & Pacific (IDA & IBRD countries),TEA,"GNI per capita, Atlas method (current US$)",NY.GNP.PCAP.CD,,,73.44891002,79.70423393,88.22607717,99.7020884,107.6751226,101.6230303,98.58575394,110.499814,123.5968071,126.982636,134.0149198,161.7255527,189.4112027,220.4967381,216.0410694,229.6284709,243.6260631,269.0812987,297.6254521,314.9707895,314.5944148,310.2824068,328.214206,350.6155615,372.2996328,388.981831,408.9625772,411.0206235,426.7567987,457.217566,507.6228035,551.4095042,619.1824657,712.4707715,829.3469693,898.6626174,842.0321076,864.6549983,920.4139184,992.326434,1074.014884,1220.568609,1435.4387,1652.833485,1913.121967,2295.769205,2796.776641,3248.744326,3793.282782,4380.869459,5116.152516,5750.070553,6252.121647,6504.085281,6711.675877,7052.822239,7735.792435,8325.433321,8416.251397
Europe & Central Asia (IDA & IBRD countries),TEC,"GNI per capita, Atlas method (current US$)",NY.GNP.PCAP.CD,,,,,,,,,,,,,,,,,,,,,,,,,,,,,,,,2542.868233,2396.787876,2343.978764,2071.841311,2080.018205,2129.195151,2230.304607,2101.714713,1986.606315,2080.886341,2011.49848,2174.899088,2544.076248,3258.165648,4126.572514,5047.435343,6209.396486,7572.180815,7533.98316,7997.845611,8581.29671,9687.120838,10571.01371,10490.91642,9277.980298,8205.61011,7935.448314,8445.362135,8901.158083,8574.070797
Togo,TGO,"GNI per capita, Atlas method (current US$)",NY.GNP.PCAP.CD,,,90,90,100,110,120,120,130,140,130,130,140,170,220,260,270,290,330,350,420,390,320,250,230,230,250,310,390,400,400,400,420,330,310,300,310,350,330,310,310,290,300,350,390,400,410,420,470,530,560,610,590,620,640,640,670,720,880,920,920
Thailand,THA,"GNI per capita, Atlas method (current US$)",NY.GNP.PCAP.CD,,,110,120,130,140,160,170,180,190,210,210,220,260,330,380,420,450,530,610,710,760,760,760,790,790,830,950,1160,1320,1490,1660,1880,2130,2400,2740,2950,2680,2080,1980,1980,1960,1990,2180,2530,2790,3100,3530,3970,4140,4580,4950,5520,5720,5760,5710,5700,5970,6610,7260,7040
Tajikistan,TJK,"GNI per capita, Atlas method (current US$)",NY.GNP.PCAP.CD,,,,,,,,,,,,,,,,,,,,,,,,,,,,,,,,,280,240,220,210,170,170,180,180,170,160,170,210,270,380,470,580,750,800,920,1020,1150,1330,1350,1260,1110,1030,1030,1070,1060
Turkmenistan,TKM,"GNI per capita, Atlas method (current US$)",NY.GNP.PCAP.CD,,,,,,,,,,,,,,,,,,,,,,,,,,,,,,,,,,840,530,620,610,550,560,620,600,650,750,990,1310,1590,1890,2320,3040,3550,4070,4730,5560,6510,7200,7030,6830,6380,6740,7220,
Latin America & the Caribbean (IDA & IBRD countries),TLA,"GNI per capita, Atlas method (current US$)",NY.GNP.PCAP.CD,,,,,,,477.1833971,490.8299528,524.525291,557.3155746,592.227319,649.352579,713.6222813,864.4912468,1105.966335,1282.678242,1365.021032,1403.255905,1529.603596,1803.304062,2105.54431,2289.370807,2173.765576,1908.580376,1810.807858,1745.436164,1808.551471,1949.278199,2087.215733,2086.629789,2152.868136,2351.887079,2675.053072,2930.910453,3310.119549,3542.882586,3924.997037,4259.555923,4241.910498,4024.73477,4109.390576,3984.136488,3722.530916,3697.709621,4001.334696,4490.938566,5189.784203,6077.973248,7030.964846,7204.608676,8005.238982,8840.713662,9767.964884,10179.76158,10066.96033,9071.754469,8332.041718,8206.755109,8530.863873,8628.999384,7503.486256
Timor-Leste,TLS,"GNI per capita, Atlas method (current US$)",NY.GNP.PCAP.CD,,,,,,,,,,,,,,,,,,,,,,,,,,,,,,,,,,,,,,,,,,,750,670,780,930,1310,1840,2980,2330,2850,3730,3570,3210,2710,2200,1750,1800,1820,2050,1990
Middle East & North Africa (IDA & IBRD countries),TMN,"GNI per capita, Atlas method (current US$)",NY.GNP.PCAP.CD,,,,,,,,,,,,,,,,,,,,,,,,,,,,,,,,,1222.980679,1182.048908,1223.519646,1270.131042,1456.10301,1582.645215,1635.295693,1691.142844,1775.936869,1831.724073,1816.531606,1897.020329,2150.545866,2427.283365,2768.180808,3239.17167,3814.25007,4188.999908,4545.758983,4296.205137,4581.876412,4639.180591,4493.198284,4043.829313,3957.954858,3727.94994,3565.139273,3452.590618,3088.899566
Tonga,TON,"GNI per capita, Atlas method (current US$)",NY.GNP.PCAP.CD,,,,,,,,,,,,,,,,,,,,,,,,690,690,720,770,870,1070,1160,1220,1350,1450,1530,1820,2090,2370,2340,2240,2170,2080,2030,2000,2000,2160,2410,2720,2900,3270,3180,3370,3810,4320,4540,4600,4440,4410,4590,4800,5150,5190
South Asia (IDA & IBRD),TSA,"GNI per capita, Atlas method (current US$)",NY.GNP.PCAP.CD,,,86.67007333,93.94338258,104.5573201,109.3364173,105.3867012,106.5779551,103.9893741,111.3508487,117.9768027,121.910236,125.7760168,141.9904439,164.5313427,187.6632495,181.7408344,184.7023146,203.5325518,222.2435622,267.0370635,293.2105749,287.2689077,281.2271145,279.3328431,288.9452084,308.4952764,343.5478911,381.4905657,378.8994634,375.4332216,347.96957,349.6992977,335.4132921,349.2870977,374.6799004,406.156498,414.1441477,415.4534237,435.8302326,445.1181333,454.6641788,461.4236119,513.9346402,599.6635202,688.3237958,762.1352639,871.0119294,949.1916181,1053.015501,1147.126143,1277.129537,1390.209749,1437.08943,1480.672585,1525.617811,1603.348427,1733.685926,1904.449483,1996.160367,1834.913463
Sub-Saharan Africa (IDA & IBRD countries),TSS,"GNI per capita, Atlas method (current US$)",NY.GNP.PCAP.CD,,,116.825778,123.5291247,129.3858279,136.848677,142.07773,145.7429411,152.1137372,164.8474245,185.4964518,197.702978,210.8685021,244.1541653,319.4442007,373.0597283,400.0217756,411.4552948,432.9220686,506.6911677,604.6663074,695.7806725,730.6209742,719.1766112,631.9148297,570.2281558,547.9954528,585.6388419,635.4376365,621.6983149,607.6200258,616.0586883,621.4014106,596.2404504,580.1526264,603.5443412,617.860128,635.1209485,600.1509648,588.4371794,581.302887,574.9153227,583.8825004,639.061777,777.5069115,952.9960344,1105.561278,1239.429395,1390.842917,1429.044459,1492.848185,1580.137147,1711.016548,1791.944583,1832.088734,1751.308017,1599.166636,1510.114425,1541.996242,1589.624876,1506.501394
Trinidad and Tobago,TTO,"GNI per capita, Atlas method (current US$)",NY.GNP.PCAP.CD,,,640,750,800,820,760,770,790,810,830,870,1000,1200,1500,2170,2530,2810,3360,3940,5140,6060,6710,6120,6030,5900,5090,4280,3930,3630,3710,3890,4420,4080,3880,3970,4230,4500,4620,4890,5400,6070,6760,8070,9700,11190,13280,15000,17350,16200,16460,14970,16840,18750,18560,18910,16880,15980,15990,16580,15420
Tunisia,TUN,"GNI per capita, Atlas method (current US$)",NY.GNP.PCAP.CD,,,,,,,,220,250,260,270,310,400,460,610,760,810,850,940,1130,1360,1420,1280,1180,1160,1150,1140,1270,1330,1290,1410,1460,1680,1660,1710,1790,1970,2120,2150,2260,2270,2240,2180,2450,2900,3160,3330,3540,3860,4070,4210,4130,4320,4360,4380,4190,3980,3750,3730,3580,3300
Turkey,TUR,"GNI per capita, Atlas method (current US$)",NY.GNP.PCAP.CD,,,,,,,,470,520,560,560,530,560,640,860,1110,1310,1410,1530,1820,1860,1860,1570,1400,1310,1310,1450,1740,1860,1920,2310,2590,2940,3140,2680,2850,2920,3190,3440,3590,4320,3580,3590,3950,5270,6820,7880,8950,9850,9640,10490,11310,11960,12600,12630,12030,11260,10970,10510,9690,9050
Tuvalu,TUV,"GNI per capita, Atlas method (current US$)",NY.GNP.PCAP.CD,,,,,,,,,,,,,,,,,,,,,,,,,,,,,,,,,,,,,,,,,,2710,3310,2490,3240,3630,3780,4500,4660,4830,4400,4730,4430,5560,4670,5440,5060,4810,5440,5620,5820
Tanzania,TZA,"GNI per capita, Atlas method (current US$)",NY.GNP.PCAP.CD,,,,,,,,,,,,,,,,,,,,,,,,,,,,,,,200,190,180,170,160,170,190,220,270,330,410,410,420,430,470,500,520,540,600,670,720,770,810,890,970,980,970,970,1030,1100,1080
Uganda,UGA,"GNI per capita, Atlas method (current US$)",NY.GNP.PCAP.CD,,,,,,,,,,,,,,,,,,,,,,,,,180,200,250,310,400,400,320,250,190,180,180,230,280,300,290,290,270,250,250,260,280,310,350,390,430,550,680,850,830,800,820,830,800,740,750,790,800
Ukraine,UKR,"GNI per capita, Atlas method (current US$)",NY.GNP.PCAP.CD,,,,,,,,,,,,,,,,,,,,,,,,,,,,,,1620,1610,2280,2090,1820,990,920,860,890,850,760,680,720,790,980,1270,1540,1950,2590,3210,2840,3030,3150,3650,3950,3560,2800,2360,2360,2750,3310,3570
Upper middle income,UMC,"GNI per capita, Atlas method (current US$)",NY.GNP.PCAP.CD,,,171.4154029,187.2406479,209.8025102,233.2968271,252.5779337,251.1411915,259.6447436,283.7595289,308.05808,327.1799607,353.7231939,428.368739,530.1171986,624.4997931,642.1399813,665.3844032,713.4794274,828.1849127,944.6071108,1004.81001,959.0586634,876.2577829,878.3357064,888.5175126,936.028194,1023.959037,1106.156571,1122.481667,1210.65598,1222.782343,1312.802783,1389.547701,1488.068912,1593.752843,1759.843335,1896.24493,1859.319105,1821.356831,1906.163485,1905.506919,1938.370215,2105.333502,2463.002124,2897.781178,3407.475245,4073.389116,4861.347831,5229.545812,5890.587848,6614.582703,7581.608065,8323.641557,8662.981893,8456.67139,8254.558536,8434.063491,9105.168589,9658.658398,9412.227493
Uruguay,URY,"GNI per capita, Atlas method (current US$)",NY.GNP.PCAP.CD,,,580,610,660,680,720,640,610,670,820,850,870,1060,1370,1620,1490,1420,1630,2150,2870,3650,3290,2190,1740,1510,1780,2210,2600,2730,2840,3180,3830,4350,5040,5530,6160,6970,7240,7260,7060,6500,5140,4250,4130,4720,5390,6390,7710,8810,10440,12060,13330,15330,15790,15620,15440,15920,17270,17760,15790
United States,USA,"GNI per capita, Atlas method (current US$)",NY.GNP.PCAP.CD,,,3280,3410,3610,3880,4190,4370,4740,5070,5230,5620,6280,7290,7980,8510,8960,9590,10760,12200,13380,14360,14220,14570,16210,17460,19110,21390,23490,23770,24060,24270,25680,26390,27650,29040,30270,31260,32020,33670,35960,36720,37310,39780,43520,46180,47850,48520,49090,47830,49140,50630,52780,53980,55800,56640,57130,59240,63490,65970,64530
Uzbekistan,UZB,"GNI per capita, Atlas method (current US$)",NY.GNP.PCAP.CD,,,,,,,,,,,,,,,,,,,,,,,,,,,,,,,,,600,590,570,580,600,610,620,650,630,560,450,420,460,530,610,770,980,1150,1410,1730,2160,2430,2600,2740,2790,2470,2110,1870,1740
St. Vincent and the Grenadines,VCT,"GNI per capita, Atlas method (current US$)",NY.GNP.PCAP.CD,,,180,160,170,180,180,170,190,190,210,220,300,310,340,370,390,460,560,710,830,960,1030,1090,1200,1330,1450,1660,1950,2030,2150,2200,2480,2710,2660,2890,3000,3070,3190,3310,3470,3650,3950,4380,4730,4960,5470,5910,6260,6320,6090,6130,6400,6560,6390,6560,6800,6990,7400,7460,7310
"Venezuela, RB",VEN,"GNI per capita, Atlas method (current US$)",NY.GNP.PCAP.CD,,,960,990,950,890,820,840,900,910,980,1010,1120,1340,1720,2140,2470,2600,2790,3180,3610,4100,4050,3780,3640,3520,3610,3350,3400,2560,2670,2690,2870,2850,2740,3040,3100,3470,3420,3570,4120,4600,3990,3490,4110,4980,6130,7630,9400,10380,11810,11980,12710,11970,13080,,,,,,
British Virgin Islands,VGB,"GNI per capita, Atlas method (current US$)",NY.GNP.PCAP.CD,,,,,,,,,,,,,,,,,,,,,,,,,,,,,,,,,,,,,,,,,,,,,,,,,,,,,,,,,,,,,
Virgin Islands (U.S.),VIR,"GNI per capita, Atlas method (current US$)",NY.GNP.PCAP.CD,,,,,,,,,,,,,,,,,,,,,,,,,,,,,,,,,,,,,,,,,,,,,,,,,,,,,,,,,,,,,
Vietnam,VNM,"GNI per capita, Atlas method (current US$)",NY.GNP.PCAP.CD,,,,,,,,,,,,,,,,,,,,,,,,,,,,,,210,130,110,130,160,190,250,300,330,340,350,380,400,420,460,530,630,720,840,980,1110,1250,1370,1540,1720,1880,1950,2020,2120,2380,2570,2650
Vanuatu,VUT,"GNI per capita, Atlas method (current US$)",NY.GNP.PCAP.CD,,,,,,,,,,,,,,,,,,,,,,940,840,800,900,930,980,890,990,1110,1240,1120,1150,1150,1210,1240,1330,1390,1450,1430,1430,1370,1230,1360,1590,1780,1990,2100,2460,2530,2600,2800,2830,2960,3000,2820,2830,2900,3170,3450,3190
World,WLD,"GNI per capita, Atlas method (current US$)",NY.GNP.PCAP.CD,,,481.7598755,508.6629966,544.8305744,586.4532543,629.0347303,656.4060053,704.4740769,760.2073264,803.1404246,863.9728731,971.2994036,1173.731977,1374.510164,1541.635217,1621.835834,1719.239883,1929.472424,2282.626304,2613.605181,2718.949632,2589.541447,2455.706394,2498.797796,2576.744821,2846.787403,3324.125839,3926.631268,4062.74281,4209.983513,4328.60752,4646.048071,4730.700047,4944.961302,5251.954134,5520.991422,5569.112197,5328.886999,5333.583867,5520.322295,5498.241909,5454.419028,5854.965938,6672.135502,7391.728076,7887.103333,8407.423636,9004.979089,9036.109062,9470.278851,9941.134658,10522.58942,10894.35943,11005.71578,10650.36429,10391.86198,10464.82792,11148.93049,11552.73278,11067.86173
Samoa,WSM,"GNI per capita, Atlas method (current US$)",NY.GNP.PCAP.CD,,,,,,,,,,,,,,,,,,,,,,,,,510,480,500,530,550,580,570,540,,,,,,,,,,,1520,1660,1990,2320,2560,2850,3060,3030,3230,3510,3660,3800,3820,3960,4110,4070,4050,4230,4050
Kosovo,XKX,"GNI per capita, Atlas method (current US$)",NY.GNP.PCAP.CD,,,,,,,,,,,,,,,,,,,,,,,,,,,,,,,,,,,,,,,,,,,,,,,,,,,3150,3390,3540,3800,3910,3930,3930,3950,4300,4640,4480
"Yemen, Rep.",YEM,"GNI per capita, Atlas method (current US$)",NY.GNP.PCAP.CD,,,,,,,,,,,,,,,,,,,,,,,,,,,,,,,,,510,460,380,320,300,330,370,380,430,480,520,550,610,700,810,890,1010,1100,1200,1080,1260,1440,1460,1200,1160,1080,910,,
South Africa,ZAF,"GNI per capita, Atlas method (current US$)",NY.GNP.PCAP.CD,,,460,490,520,560,590,650,690,740,800,870,920,1110,1400,1610,1560,1500,1610,1940,2500,2880,2770,2520,2460,2130,1990,2210,2670,2830,2860,3000,3250,3490,3740,4010,4050,3990,3590,3480,3420,3190,2990,3280,4180,5610,6310,6630,6660,6510,6880,7760,8370,8070,7370,6610,5990,5910,6340,6670,6010
Zambia,ZMB,"GNI per capita, Atlas method (current US$)",NY.GNP.PCAP.CD,,,190,190,210,270,280,330,370,410,450,440,440,450,580,590,570,500,490,510,610,690,610,500,420,340,250,260,330,400,430,390,360,380,350,380,400,400,360,350,330,350,360,410,460,560,720,900,1180,1280,1340,1420,1690,1760,1800,1580,1370,1300,1440,1430,1160
Zimbabwe,ZWE,"GNI per capita, Atlas method (current US$)",NY.GNP.PCAP.CD,,,270,270,260,280,280,300,300,340,400,410,450,530,670,730,710,650,650,730,900,1060,1040,960,830,740,690,700,810,840,860,850,700,640,630,620,690,700,620,570,510,540,490,440,450,460,440,420,330,480,700,1060,1260,1320,1370,1390,1390,1350,1350,1210,1140
